datetime,price,signal,pnl
2021-03-12 04:20:00,126.3,0,0.0
2021-03-12 04:35:00,126.5,0,0.0
2021-03-12 05:10:00,126.01,-1,0.0
2021-03-12 06:30:00,127.09,1,-1.0799999999999983
2021-03-12 06:40:00,127.0,0,-1.0799999999999983
2021-03-12 07:15:00,126.8,0,-1.0799999999999983
2021-03-12 08:05:00,127.05,0,-1.0799999999999983
2021-03-12 08:20:00,127.0,0,-1.0799999999999983
2021-03-12 08:45:00,127.3299,1,-1.0799999999999983
2021-03-12 08:55:00,127.08,0,-1.329899999999995
2021-03-12 09:00:00,127.0036,0,-1.4062999999999874
2021-03-12 09:05:00,127.01,0,-1.3998999999999882
2021-03-12 09:10:00,127.01,0,-1.3998999999999882
2021-03-12 09:15:00,127.0,0,-1.4098999999999933
2021-03-12 09:20:00,127.1,0,-1.309899999999999
2021-03-12 09:35:00,127.3,1,-1.1098999999999961
2021-03-12 09:40:00,127.374,1,-0.9619
2021-03-12 09:45:00,126.835,0,-2.5789000000000044
2021-03-12 09:50:00,127.04,0,-1.963899999999967
2021-03-12 09:55:00,127.07,0,-1.8739000000000061
2021-03-12 10:00:00,126.935,0,-2.278899999999979
2021-03-12 10:05:00,126.99,0,-2.113900000000001
2021-03-12 10:10:00,126.985,0,-2.1288999999999874
2021-03-12 10:15:00,126.99,0,-2.113900000000001
2021-03-12 10:20:00,127.15,0,-1.6338999999999686
2021-03-12 10:25:00,127.13,0,-1.6938999999999993
2021-03-12 10:30:00,127.16,0,-1.6038999999999959
2021-03-12 10:35:00,127.05,0,-1.9338999999999942
2021-03-12 10:40:00,127.16,0,-1.6038999999999959
2021-03-12 10:45:00,127.11,0,-1.7538999999999874
2021-03-12 10:50:00,127.08,0,-1.8438999999999908
2021-03-12 10:55:00,126.73,0,-2.8938999999999737
2021-03-12 11:00:00,127.0948,0,-1.7994999999999663
2021-03-12 11:05:00,127.0,0,-2.0838999999999857
2021-03-12 11:10:00,127.03,0,-1.9938999999999822
2021-03-12 11:15:00,127.19,0,-1.5138999999999925
2021-03-12 11:20:00,127.1,0,-1.7839000000000027
2021-03-12 11:25:00,127.08,0,-1.8438999999999908
2021-03-12 11:30:00,127.29,1,-1.213899999999967
2021-03-12 11:35:00,127.26,0,-1.3338999999999714
2021-03-12 11:40:00,127.14,0,-1.8138999999999896
2021-03-12 11:45:00,127.08,0,-2.0538999999999987
2021-03-12 11:50:00,127.08,0,-2.0538999999999987
2021-03-12 11:55:00,126.94,0,-2.613900000000001
2021-03-12 12:00:00,127.0612,0,-2.129099999999994
2021-03-12 12:05:00,127.07,0,-2.093900000000019
2021-03-12 12:10:00,127.06,0,-2.133899999999983
2021-03-12 12:15:00,127.145,0,-1.7939000000000078
2021-03-12 12:20:00,127.2622,1,-1.3250999999999635
2021-03-12 12:25:00,127.1551,0,-1.8605999999999767
2021-03-12 12:30:00,127.16,0,-1.836100000000016
2021-03-12 12:35:00,127.02,0,-2.536100000000019
2021-03-12 12:40:00,127.02,0,-2.536100000000019
2021-03-12 12:45:00,126.9928,0,-2.672099999999986
2021-03-12 12:50:00,127.03,0,-2.4860999999999933
2021-03-12 12:55:00,127.091,0,-2.181100000000029
2021-03-12 13:00:00,127.04,0,-2.4360999999999677
2021-03-12 13:05:00,126.97,0,-2.7861000000000047
2021-03-12 13:10:00,127.11,0,-2.086100000000002
2021-03-12 13:15:00,127.05,0,-2.386100000000013
2021-03-12 13:20:00,127.1,0,-2.1361000000000274
2021-03-12 13:25:00,127.23,0,-1.486099999999979
2021-03-12 13:30:00,127.22,0,-1.5361000000000047
2021-03-12 13:35:00,127.1198,0,-2.0371000000000095
2021-03-12 13:40:00,127.16,0,-1.836100000000016
2021-03-12 13:45:00,127.155,0,-1.8610999999999933
2021-03-12 13:50:00,127.2,0,-1.6360999999999848
2021-03-12 13:55:00,127.255,0,-1.3611000000000217
2021-03-12 14:00:00,127.22,0,-1.5361000000000047
2021-03-12 14:05:00,127.2778,1,-1.2471000000000032
2021-03-12 14:10:00,127.39,1,-0.5738999999999947
2021-03-12 14:15:00,127.3902,1,-0.5725000000000477
2021-03-12 14:20:00,127.405,1,-0.45409999999998263
2021-03-12 14:25:00,127.44,1,-0.13910000000001332
2021-03-12 14:30:00,127.36,1,-0.9390999999999963
2021-03-12 14:35:00,127.31,1,-1.489099999999965
2021-03-12 14:40:00,127.34,1,-1.1290999999999514
2021-03-12 14:45:00,127.38,1,-0.6091000000000548
2021-03-12 14:50:00,127.37,1,-0.7490999999999275
2021-03-12 14:55:00,127.38,1,-0.5991000000000639
2021-03-12 15:00:00,127.4,1,-0.2790999999999002
2021-03-12 15:05:00,127.37,1,-0.7890999999999195
2021-03-12 15:10:00,127.22,0,-3.489100000000022
2021-03-12 15:15:00,127.165,0,-4.479099999999889
2021-03-12 15:20:00,127.15,0,-4.749099999999899
2021-03-12 15:25:00,127.13,0,-5.109100000000083
2021-03-12 15:30:00,127.039,0,-6.747099999999975
2021-03-12 15:35:00,127.185,0,-4.1190999999999605
2021-03-12 15:40:00,127.425,1,0.20089999999994745
2021-03-12 15:45:00,127.3788,1,-0.6769000000000318
2021-03-12 15:50:00,127.44,1,0.5470999999999577
2021-03-12 15:55:00,127.34,1,-1.552899999999923
2021-03-12 16:00:00,127.61,1,4.38709999999999
2021-03-12 16:05:00,127.61,1,4.38709999999999
2021-03-12 16:15:00,127.61,1,4.38709999999999
2021-03-12 16:30:00,127.62,1,4.6371000000001175
2021-03-12 16:35:00,127.75,1,8.0171
2021-03-12 16:40:00,127.75,1,8.0171
2021-03-12 18:15:00,127.62,1,4.377100000000127
2021-03-15 04:55:00,128.0,0,15.397099999999995
2021-03-15 06:05:00,128.2,0,21.197099999999665
2021-03-15 06:10:00,127.79,-1,9.307100000000176
2021-03-15 07:20:00,127.84,0,10.707100000000096
2021-03-15 07:50:00,127.51,-1,1.4671000000001442
2021-03-15 08:05:00,127.8317,0,10.152999999999949
2021-03-15 08:30:00,127.84,0,10.377100000000098
2021-03-15 08:40:00,127.52,-1,1.7370999999998986
2021-03-15 08:50:00,127.83,0,9.797099999999958
2021-03-15 09:05:00,127.85,0,10.317099999999854
2021-03-15 09:25:00,128.0,0,14.217100000000002
2021-03-15 09:30:00,128.0,0,14.217100000000002
2021-03-15 09:35:00,128.53,1,27.99710000000003
2021-03-15 09:40:00,128.665,1,31.642099999999786
2021-03-15 09:45:00,128.35,1,22.82209999999985
2021-03-15 09:50:00,128.1847,0,18.02839999999979
2021-03-15 09:55:00,127.91,0,10.062099999999916
2021-03-15 10:00:00,128.0,0,12.672100000000015
2021-03-15 10:05:00,127.75,0,5.422100000000015
2021-03-15 10:10:00,127.6025,-1,1.144600000000196
2021-03-15 10:15:00,127.71,0,4.154599999999846
2021-03-15 10:20:00,127.815,0,7.094599999999957
2021-03-15 10:25:00,127.96,0,11.154599999999846
2021-03-15 10:30:00,127.985,0,11.854600000000005
2021-03-15 10:35:00,127.9,0,9.47460000000018
2021-03-15 10:40:00,128.12,0,15.634600000000148
2021-03-15 10:45:00,128.14,0,16.19459999999964
2021-03-15 10:50:00,127.9853,0,11.862999999999886
2021-03-15 10:55:00,128.12,0,15.634600000000148
2021-03-15 11:00:00,128.19,0,17.594599999999957
2021-03-15 11:05:00,128.39,1,23.19459999999964
2021-03-15 11:10:00,128.32,1,21.164599999999837
2021-03-15 11:15:00,128.33,1,21.464600000000416
2021-03-15 11:20:00,128.35,1,22.084599999999853
2021-03-15 11:25:00,128.42,1,24.324599999999634
2021-03-15 11:30:00,128.28,0,19.704600000000084
2021-03-15 11:35:00,128.12,0,14.424600000000197
2021-03-15 11:40:00,128.09,0,13.43460000000016
2021-03-15 11:45:00,128.1098,0,14.088000000000278
2021-03-15 11:50:00,128.01,0,10.794599999999747
2021-03-15 11:55:00,127.99,0,10.134599999999878
2021-03-15 12:00:00,127.9778,0,9.732000000000113
2021-03-15 12:05:00,128.01,0,10.794599999999747
2021-03-15 12:10:00,127.92,0,7.824600000000103
2021-03-15 12:15:00,128.08,0,13.10460000000046
2021-03-15 12:20:00,127.89,0,6.834600000000066
2021-03-15 12:25:00,127.88,0,6.504599999999897
2021-03-15 12:30:00,127.82,0,4.524599999999822
2021-03-15 12:35:00,128.075,0,12.939599999999672
2021-03-15 12:40:00,127.96,0,9.14459999999984
2021-03-15 12:45:00,128.0419,0,11.84729999999999
2021-03-15 12:50:00,128.06,0,12.444600000000122
2021-03-15 12:55:00,128.06,0,12.444600000000122
2021-03-15 13:00:00,128.01,0,10.794599999999747
2021-03-15 13:05:00,127.85,0,5.514599999999859
2021-03-15 13:10:00,127.855,0,5.679600000000178
2021-03-15 13:15:00,127.89,0,6.834600000000066
2021-03-15 13:20:00,127.89,0,6.834600000000066
2021-03-15 13:25:00,127.94,0,8.484599999999972
2021-03-15 13:30:00,127.9353,0,8.329499999999982
2021-03-15 13:35:00,127.94,0,8.484599999999972
2021-03-15 13:40:00,127.94,0,8.484599999999972
2021-03-15 13:45:00,128.0423,0,11.860500000000428
2021-03-15 13:50:00,127.99,0,10.134599999999878
2021-03-15 13:55:00,128.0,0,10.464600000000047
2021-03-15 14:00:00,128.04,0,11.784599999999784
2021-03-15 14:05:00,128.07,0,12.774599999999822
2021-03-15 14:10:00,128.14,0,15.084599999999597
2021-03-15 14:15:00,128.22,0,17.72460000000001
2021-03-15 14:20:00,128.275,1,19.539600000000235
2021-03-15 14:25:00,128.37,1,22.769600000000196
2021-03-15 14:30:00,128.36,1,22.419600000000514
2021-03-15 14:35:00,128.35,1,22.05959999999982
2021-03-15 14:40:00,128.29,1,19.839599999999734
2021-03-15 14:45:00,128.27,1,19.079600000000426
2021-03-15 14:50:00,128.18,0,15.569600000000293
2021-03-15 14:55:00,128.185,0,15.764600000000115
2021-03-15 15:00:00,128.205,0,16.544600000000514
2021-03-15 15:05:00,128.14,0,14.009599999999494
2021-03-15 15:10:00,128.16,0,14.789599999999893
2021-03-15 15:15:00,128.045,0,10.304599999999539
2021-03-15 15:20:00,128.12,0,13.229600000000204
2021-03-15 15:25:00,128.18,0,15.569600000000293
2021-03-15 15:30:00,128.12,0,13.229600000000204
2021-03-15 15:35:00,128.03,0,9.71960000000007
2021-03-15 15:40:00,127.965,0,7.1846000000001595
2021-03-15 15:45:00,128.085,0,11.864600000000337
2021-03-15 15:50:00,128.2547,0,18.48290000000057
2021-03-15 15:55:00,128.39,1,23.759599999999494
2021-03-15 16:00:00,128.58,1,31.35960000000054
2021-03-15 16:05:00,128.58,1,31.35960000000054
2021-03-15 16:10:00,128.58,1,31.35960000000054
2021-03-15 16:15:00,128.58,1,31.35960000000054
2021-03-15 16:25:00,128.6,1,32.23959999999974
2021-03-15 17:10:00,128.84,1,43.03960000000015
2021-03-15 17:15:00,128.59,1,31.53960000000015
2021-03-15 18:05:00,128.6,1,32.00959999999972
2021-03-15 18:40:00,128.58,1,31.049600000000595
2021-03-16 06:20:00,128.58,1,31.049600000000595
2021-03-16 07:20:00,128.57,1,30.54959999999963
2021-03-16 07:25:00,128.58,1,31.059600000000614
2021-03-16 08:10:00,128.74,1,39.37960000000044
2021-03-16 08:35:00,128.65,1,34.609600000000256
2021-03-16 08:45:00,128.58,1,30.829600000000625
2021-03-16 09:25:00,128.28,0,14.3296
2021-03-16 09:35:00,127.735,-1,-15.645400000000095
2021-03-16 09:40:00,127.731,-1,-15.861400000000359
2021-03-16 09:45:00,127.52,-1,-27.04440000000028
2021-03-16 09:50:00,127.68,-1,-18.72439999999972
2021-03-16 09:55:00,128.015,0,-1.6394000000007622
2021-03-16 10:00:00,127.93,0,-5.974399999999719
2021-03-16 10:05:00,127.645,-1,-20.50940000000027
2021-03-16 10:10:00,127.5967,-1,-22.924400000000148
2021-03-16 10:15:00,127.77,-1,-14.432700000000267
2021-03-16 10:20:00,127.9,0,-8.192699999999803
2021-03-16 10:25:00,127.56,-1,-24.512699999999967
2021-03-16 10:30:00,127.4642,-1,-29.015299999999826
2021-03-16 10:35:00,127.52,-1,-26.44850000000025
2021-03-16 10:40:00,127.7475,-1,-16.21099999999997
2021-03-16 10:45:00,127.57,-1,-24.02100000000037
2021-03-16 10:50:00,127.67,-1,-19.721000000000004
2021-03-16 10:55:00,127.6501,-1,-20.556800000000294
2021-03-16 11:00:00,127.746,-1,-16.62490000000028
2021-03-16 11:05:00,127.7858,-1,-15.032900000000296
2021-03-16 11:10:00,127.8124,0,-13.99550000000022
2021-03-16 11:15:00,127.9456,0,-8.800700000000134
2021-03-16 11:20:00,128.195,0,0.9258999999996433
2021-03-16 11:25:00,128.04,0,-5.119100000000401
2021-03-16 11:30:00,128.08,0,-3.559099999999603
2021-03-16 11:35:00,127.96,0,-8.239100000000334
2021-03-16 11:40:00,128.08,0,-3.559099999999603
2021-03-16 11:45:00,127.87,0,-11.749099999999913
2021-03-16 11:50:00,127.79,0,-14.869099999999847
2021-03-16 11:55:00,127.77,0,-15.649100000000246
2021-03-16 12:00:00,127.8208,0,-13.667899999999875
2021-03-16 12:05:00,127.795,0,-14.674100000000024
2021-03-16 12:10:00,128.07,0,-3.9491000000003567
2021-03-16 12:15:00,128.035,0,-5.314100000000224
2021-03-16 12:20:00,127.92,0,-9.799100000000024
2021-03-16 12:25:00,127.9,0,-10.579099999999869
2021-03-16 12:30:00,128.0,0,-6.679100000000091
2021-03-16 12:35:00,127.96,0,-8.239100000000334
2021-03-16 12:40:00,128.03,0,-5.509100000000046
2021-03-16 12:45:00,128.11,0,-2.3890999999995586
2021-03-16 12:50:00,128.15,0,-0.8290999999998689
2021-03-16 12:55:00,128.23,0,2.2908999999995103
2021-03-16 13:00:00,128.27,0,3.8509000000003084
2021-03-16 13:05:00,128.32,0,5.800899999999643
2021-03-16 13:10:00,128.28,0,4.240899999999954
2021-03-16 13:15:00,128.24,0,2.680900000000264
2021-03-16 13:20:00,128.26,0,3.4608999999995547
2021-03-16 13:25:00,128.18,0,0.3409000000001754
2021-03-16 13:30:00,128.1257,0,-1.7768000000002928
2021-03-16 13:35:00,128.11,0,-2.3890999999995586
2021-03-16 13:40:00,127.91,0,-10.189100000000224
2021-03-16 13:45:00,127.86,0,-12.139100000000113
2021-03-16 13:50:00,127.93,0,-9.409099999999825
2021-03-16 13:55:00,127.995,0,-6.874099999999913
2021-03-16 14:00:00,127.99,0,-7.06910000000029
2021-03-16 14:05:00,128.05,0,-4.729099999999647
2021-03-16 14:10:00,128.05,0,-4.729099999999647
2021-03-16 14:15:00,127.935,0,-9.214100000000002
2021-03-16 14:20:00,128.08,0,-3.559099999999603
2021-03-16 14:25:00,127.945,0,-8.824100000000357
2021-03-16 14:30:00,127.92,0,-9.799100000000024
2021-03-16 14:35:00,128.0938,0,-3.02090000000058
2021-03-16 14:40:00,128.035,0,-5.314100000000224
2021-03-16 14:45:00,128.01,0,-6.289100000000445
2021-03-16 14:50:00,128.08,0,-3.559099999999603
2021-03-16 14:55:00,128.12,0,-1.9990999999999133
2021-03-16 15:00:00,128.27,0,3.8509000000003084
2021-03-16 15:05:00,128.35,0,6.970899999999688
2021-03-16 15:10:00,128.37,0,7.750900000000087
2021-03-16 15:15:00,128.265,0,3.6558999999993773
2021-03-16 15:20:00,128.275,0,4.045900000000131
2021-03-16 15:25:00,128.34,0,6.580900000000042
2021-03-16 15:30:00,128.24,0,2.680900000000264
2021-03-16 15:35:00,128.36,0,7.360900000000441
2021-03-16 15:40:00,128.42,1,9.700899999999422
2021-03-16 15:45:00,128.28,0,4.100899999999967
2021-03-16 15:50:00,128.29,0,4.5008999999996036
2021-03-16 15:55:00,128.38,0,8.10089999999974
2021-03-16 16:00:00,128.27,0,3.700900000000331
2021-03-16 16:05:00,128.36,0,7.300900000000468
2021-03-16 16:10:00,128.24,0,2.5009000000002857
2021-03-16 16:15:00,128.24,0,2.5009000000002857
2021-03-16 16:35:00,128.0,0,-7.099100000000078
2021-03-16 16:50:00,128.0,0,-7.099100000000078
2021-03-16 17:15:00,128.4,1,8.90090000000015
2021-03-16 17:25:00,128.2,0,0.7008999999994501
2021-03-16 17:40:00,128.44,1,10.540899999999823
2021-03-16 18:00:00,128.24,0,2.1409000000003005
2021-03-17 07:15:00,128.0,0,-7.9391000000000815
2021-03-17 07:35:00,128.0,0,-7.9391000000000815
2021-03-17 08:00:00,127.94,0,-10.459100000000177
2021-03-17 08:05:00,128.05,0,-5.839099999999604
2021-03-17 08:10:00,128.06,0,-5.419099999999986
2021-03-17 08:15:00,128.06,0,-5.419099999999986
2021-03-17 08:30:00,128.22,0,1.3008999999998707
2021-03-17 08:35:00,127.57,-1,-25.999100000000368
2021-03-17 08:45:00,128.0,0,-8.369100000000088
2021-03-17 09:00:00,128.1,0,-4.269100000000321
2021-03-17 09:05:00,128.11,0,-3.859099999999529
2021-03-17 09:20:00,128.31,1,4.340900000000005
2021-03-17 09:25:00,127.91,0,-12.459100000000234
2021-03-17 09:30:00,128.8,1,24.920900000000387
2021-03-17 09:35:00,128.461,1,10.343900000000446
2021-03-17 09:40:00,128.6989,1,20.81150000000028
2021-03-17 09:45:00,129.262,1,46.1509999999999
2021-03-17 09:50:00,128.82,1,25.818999999999562
2021-03-17 09:55:00,128.11,0,-7.550999999999476
2021-03-17 10:00:00,127.89,0,-17.89100000000009
2021-03-17 10:05:00,127.664,-1,-28.513000000000048
2021-03-17 10:10:00,128.04,0,-11.217000000000482
2021-03-17 10:15:00,127.8,-1,-22.257000000000247
2021-03-17 10:20:00,128.0,0,-13.257000000000119
2021-03-17 10:25:00,128.07,0,-10.107000000000426
2021-03-17 10:30:00,128.59,1,13.293000000000035
2021-03-17 10:35:00,128.353,0,2.3910000000002753
2021-03-17 10:40:00,128.17,0,-6.027000000000697
2021-03-17 10:45:00,128.075,0,-10.397000000000645
2021-03-17 10:50:00,128.13,0,-7.867000000000331
2021-03-17 10:55:00,128.1344,0,-7.664600000000149
2021-03-17 11:00:00,127.99,0,-14.307000000000357
2021-03-17 11:05:00,128.14,0,-7.40700000000075
2021-03-17 11:10:00,128.38,1,3.6329999999996687
2021-03-17 11:15:00,128.3699,0,3.15829999999994
2021-03-17 11:20:00,128.32,0,0.8129999999995619
2021-03-17 11:25:00,128.54,1,11.152999999999508
2021-03-17 11:30:00,128.6,1,14.032999999999618
2021-03-17 11:35:00,128.46,1,7.173000000000286
2021-03-17 11:40:00,128.42,1,5.172999999999263
2021-03-17 11:45:00,128.58,1,13.333000000000538
2021-03-17 11:50:00,128.755,1,22.43299999999965
2021-03-17 11:55:00,128.77,1,23.228000000000435
2021-03-17 12:00:00,128.69,1,18.90799999999976
2021-03-17 12:05:00,128.71,1,20.008000000000322
2021-03-17 12:10:00,128.72,1,20.567999999999813
2021-03-17 12:15:00,128.66,1,17.147999999999683
2021-03-17 12:20:00,128.65,1,16.56800000000021
2021-03-17 12:25:00,128.5022,0,7.847799999999154
2021-03-17 12:30:00,128.58,1,12.438000000000613
2021-03-17 12:35:00,128.63,1,15.43799999999959
2021-03-17 12:40:00,128.56,1,11.168000000000006
2021-03-17 12:45:00,128.4822,0,6.344400000000235
2021-03-17 12:50:00,128.53,0,9.307999999999936
2021-03-17 12:55:00,128.54,1,9.927999999999372
2021-03-17 13:00:00,128.57,1,11.817999999999444
2021-03-17 13:05:00,128.5,0,7.33799999999988
2021-03-17 13:10:00,128.38,0,-0.34200000000041086
2021-03-17 13:15:00,128.46,0,4.7780000000003895
2021-03-17 13:20:00,128.46,0,4.7780000000003895
2021-03-17 13:25:00,128.44,0,3.4979999999997347
2021-03-17 13:30:00,128.46,0,4.7780000000003895
2021-03-17 13:35:00,128.54,0,9.89799999999937
2021-03-17 13:40:00,128.55,0,10.538000000000608
2021-03-17 13:45:00,128.7,1,20.137999999999153
2021-03-17 13:50:00,128.61,1,14.288000000000778
2021-03-17 13:55:00,128.5045,0,7.325000000000358
2021-03-17 14:00:00,128.61,1,14.288000000000778
2021-03-17 14:05:00,129.045,1,43.432999999999026
2021-03-17 14:10:00,128.99,1,39.693000000000495
2021-03-17 14:15:00,128.96,1,37.62300000000042
2021-03-17 14:20:00,128.85,1,29.922999999999462
2021-03-17 14:25:00,128.9,1,33.47300000000027
2021-03-17 14:30:00,128.81,1,26.993000000000023
2021-03-17 14:35:00,128.72,1,20.422999999999774
2021-03-17 14:40:00,128.95,1,37.44299999999902
2021-03-17 14:45:00,128.91,1,34.442999999999614
2021-03-17 14:50:00,128.81,1,26.843000000000046
2021-03-17 14:55:00,128.875,1,31.84799999999987
2021-03-17 15:00:00,128.66,0,15.077999999999605
2021-03-17 15:05:00,128.6355,0,13.167000000000456
2021-03-17 15:10:00,128.6,0,10.397999999999428
2021-03-17 15:15:00,128.51,0,3.3779999999991617
2021-03-17 15:20:00,128.43,0,-2.861999999999597
2021-03-17 15:25:00,128.49,0,1.8180000000005805
2021-03-17 15:30:00,128.46,0,-0.5219999999995082
2021-03-17 15:35:00,128.64,0,13.517999999998807
2021-03-17 15:40:00,128.7448,0,21.692399999999708
2021-03-17 15:45:00,128.59,0,9.618000000000137
2021-03-17 15:50:00,128.7,0,18.197999999998984
2021-03-17 15:55:00,128.845,1,29.507999999999782
2021-03-17 16:00:00,129.03,1,44.12299999999996
2021-03-17 16:05:00,129.03,1,44.12299999999996
2021-03-17 16:35:00,128.51,0,2.0029999999991333
2021-03-17 16:50:00,129.03,1,44.12299999999996
2021-03-17 17:15:00,129.05,1,45.7630000000008
2021-03-17 17:25:00,128.53,0,2.602999999999952
2021-03-17 19:20:00,129.1,1,49.912999999999386
2021-03-17 19:35:00,129.0,1,41.51299999999986
2021-03-17 19:50:00,129.05,1,45.76300000000083
2021-03-17 19:55:00,129.1,1,50.06299999999936
2021-03-17 20:00:00,129.1,1,50.06299999999936
2021-03-18 04:55:00,127.11,-1,-125.05700000000019
2021-03-18 06:35:00,129.0,1,39.37299999999988
2021-03-18 08:05:00,129.0,1,39.37299999999988
2021-03-18 08:40:00,128.68,0,10.893000000000484
2021-03-18 08:55:00,129.0,1,39.37299999999988
2021-03-18 09:10:00,128.5501,0,-1.1180000000013592
2021-03-18 09:25:00,128.72,0,14.172999999999774
2021-03-18 09:30:00,129.06,1,44.77300000000008
2021-03-18 09:35:00,129.64,1,97.55299999999863
2021-03-18 09:40:00,129.88,1,119.63299999999947
2021-03-18 09:45:00,130.05,1,135.44300000000095
2021-03-18 09:50:00,129.455,1,79.51300000000106
2021-03-18 09:55:00,129.55,1,88.53800000000095
2021-03-18 10:00:00,129.57,1,90.4579999999992
2021-03-18 10:05:00,129.61,1,94.33800000000119
2021-03-18 10:10:00,129.73,1,106.09799999999885
2021-03-18 10:15:00,129.805,1,113.52300000000054
2021-03-18 10:20:00,129.81,1,114.02300000000008
2021-03-18 10:25:00,129.82,1,115.03299999999916
2021-03-18 10:30:00,129.64,1,96.67299999999847
2021-03-18 10:35:00,129.8103,1,114.21390000000113
2021-03-18 10:40:00,129.75,1,107.94269999999986
2021-03-18 10:45:00,129.83,1,116.34270000000117
2021-03-18 10:50:00,129.84,1,117.40270000000021
2021-03-18 10:55:00,129.77,1,109.91270000000094
2021-03-18 11:00:00,129.88,1,121.79269999999934
2021-03-18 11:05:00,129.985,1,133.23770000000133
2021-03-18 11:10:00,130.065,1,142.03769999999957
2021-03-18 11:15:00,130.1911,1,156.03480000000047
2021-03-18 11:20:00,130.43,1,182.79160000000059
2021-03-18 11:25:00,130.6599,1,208.77029999999905
2021-03-18 11:30:00,130.4801,1,188.27309999999903
2021-03-18 11:35:00,130.525,1,193.43660000000048
2021-03-18 11:40:00,130.58,1,199.81660000000127
2021-03-18 11:45:00,130.315,1,168.81159999999954
2021-03-18 11:50:00,130.275,1,164.09160000000048
2021-03-18 11:55:00,130.47,1,187.29659999999967
2021-03-18 12:00:00,130.54,1,195.69659999999885
2021-03-18 12:05:00,130.81,1,228.3666000000001
2021-03-18 12:10:00,130.81,1,228.3666000000001
2021-03-18 12:15:00,130.88,1,236.97659999999925
2021-03-18 12:20:00,130.88,1,236.97659999999925
2021-03-18 12:25:00,130.89,1,238.22659999999811
2021-03-18 12:30:00,130.97,1,248.3065999999997
2021-03-18 12:35:00,130.7255,1,217.25510000000122
2021-03-18 12:40:00,130.68,1,211.4311000000007
2021-03-18 12:45:00,130.73,1,217.8810999999985
2021-03-18 12:50:00,130.7052,1,214.65709999999862
2021-03-18 12:55:00,130.8596,1,234.88349999999988
2021-03-18 13:00:00,130.73,1,217.77629999999849
2021-03-18 13:05:00,130.791,1,225.88929999999942
2021-03-18 13:10:00,130.7701,1,223.08870000000167
2021-03-18 13:15:00,130.75,1,220.37519999999984
2021-03-18 13:20:00,130.8214,1,230.08560000000136
2021-03-18 13:25:00,130.87,1,236.74380000000045
2021-03-18 13:30:00,130.86,1,235.3638000000017
2021-03-18 13:35:00,130.83,1,231.19380000000154
2021-03-18 13:40:00,130.75,1,219.9937999999998
2021-03-18 13:45:00,130.85,1,234.093799999999
2021-03-18 13:50:00,130.82,1,229.83379999999883
2021-03-18 13:55:00,130.8919,1,240.11549999999875
2021-03-18 14:00:00,130.86,1,235.52190000000178
2021-03-18 14:05:00,130.83,1,231.1719000000016
2021-03-18 14:10:00,130.833,1,231.60989999999956
2021-03-18 14:15:00,130.79,1,225.28889999999862
2021-03-18 14:20:00,130.68,1,209.0089000000008
2021-03-18 14:25:00,130.73,1,216.45889999999827
2021-03-18 14:30:00,130.69,0,210.45889999999946
2021-03-18 14:35:00,130.52,0,184.95890000000134
2021-03-18 14:40:00,130.37,0,162.45890000000048
2021-03-18 14:45:00,130.28,0,148.95889999999997
2021-03-18 14:50:00,130.555,0,190.20890000000082
2021-03-18 14:55:00,130.55,0,189.4589000000015
2021-03-18 15:00:00,130.48,0,178.95889999999827
2021-03-18 15:05:00,130.295,0,151.20889999999793
2021-03-18 15:10:00,130.27,0,147.45890000000134
2021-03-18 15:15:00,130.32,0,154.95889999999878
2021-03-18 15:20:00,130.34,0,157.9589000000003
2021-03-18 15:25:00,130.24,0,142.95890000000117
2021-03-18 15:30:00,130.4,0,166.95890000000065
2021-03-18 15:35:00,130.03,0,111.45889999999997
2021-03-18 15:40:00,130.04,0,112.95889999999861
2021-03-18 15:45:00,129.91,0,93.45889999999929
2021-03-18 15:50:00,129.795,0,76.20889999999793
2021-03-18 15:55:00,129.97,0,102.45889999999963
2021-03-18 16:00:00,130.07,0,117.45889999999878
2021-03-18 16:05:00,130.06,0,115.95890000000014
2021-03-18 16:10:00,130.1,0,121.95889999999895
2021-03-18 16:15:00,130.75,0,219.4588999999998
2021-03-18 16:45:00,130.22,0,139.95889999999963
2021-03-18 16:55:00,130.07,0,117.45889999999878
2021-03-18 17:00:00,130.0,0,106.9588999999998
2021-03-18 17:05:00,130.08,0,118.95890000000168
2021-03-18 17:20:00,130.29,0,150.4588999999986
2021-03-18 17:25:00,130.4,0,166.95890000000065
2021-03-18 17:45:00,130.49,0,180.45890000000117
2021-03-18 17:50:00,130.3,0,151.9589000000015
2021-03-18 18:25:00,130.12,0,124.95890000000048
2021-03-18 19:00:00,130.13,0,126.45889999999912
2021-03-18 19:05:00,130.13,0,126.45889999999912
2021-03-18 19:45:00,130.06,0,115.95890000000014
2021-03-18 20:00:00,130.06,0,115.95890000000014
2021-03-19 04:05:00,130.0,0,106.9588999999998
2021-03-19 05:45:00,130.06,0,115.95890000000014
2021-03-19 06:00:00,130.06,0,115.95890000000014
2021-03-19 06:20:00,130.08,0,118.95890000000168
2021-03-19 06:35:00,130.08,0,118.95890000000168
2021-03-19 08:05:00,130.0,0,106.9588999999998
2021-03-19 08:25:00,130.18,0,133.95890000000082
2021-03-19 08:30:00,130.0,0,106.9588999999998
2021-03-19 08:50:00,130.14,0,127.95889999999775
2021-03-19 09:05:00,129.4873,-1,30.05390000000051
2021-03-19 09:10:00,130.0,0,106.4461999999998
2021-03-19 09:15:00,129.99,0,104.95620000000116
2021-03-19 09:30:00,129.96,0,100.48620000000099
2021-03-19 09:35:00,129.91,0,93.0361999999993
2021-03-19 09:40:00,129.4829,-1,29.39829999999992
2021-03-19 09:45:00,129.605,-1,47.46909999999829
2021-03-19 09:50:00,129.67,-1,57.02409999999796
2021-03-19 09:55:00,129.78,-1,73.08409999999995
2021-03-19 10:00:00,129.69,-1,60.034099999999455
2021-03-19 10:05:00,129.48,-1,29.79409999999831
2021-03-19 10:10:00,129.6,-1,46.95409999999896
2021-03-19 10:15:00,129.63,-1,51.21409999999912
2021-03-19 10:20:00,129.69,-1,59.67409999999944
2021-03-19 10:25:00,129.695,-1,60.374099999998805
2021-03-19 10:30:00,129.425,-1,22.844100000001333
2021-03-19 10:35:00,129.11,-1,-20.625899999998353
2021-03-19 10:40:00,129.08,-1,-24.73589999999851
2021-03-19 10:45:00,129.31,-1,6.5441000000001
2021-03-19 10:50:00,129.43,-1,22.744100000000714
2021-03-19 10:55:00,129.79,-1,70.98409999999873
2021-03-19 11:00:00,129.63,-1,49.70409999999919
2021-03-19 11:05:00,129.38,-1,16.704099999999187
2021-03-19 11:10:00,129.43,-1,23.254100000000676
2021-03-19 11:15:00,129.4,-1,19.35410000000053
2021-03-19 11:20:00,129.28,-1,3.8740999999999417
2021-03-19 11:25:00,129.42,-1,21.794099999998195
2021-03-19 11:30:00,129.2,-1,-6.14590000000166
2021-03-19 11:35:00,129.585,-1,42.364100000000775
2021-03-19 11:40:00,129.7059,0,57.476600000001525
2021-03-19 11:45:00,129.82,0,71.73909999999893
2021-03-19 11:50:00,129.91,0,82.98909999999935
2021-03-19 11:55:00,129.97,0,90.48909999999964
2021-03-19 12:00:00,130.16,0,114.23909999999935
2021-03-19 12:05:00,130.31,0,132.98910000000006
2021-03-19 12:10:00,130.215,0,121.1141000000002
2021-03-19 12:15:00,130.17,0,115.48909999999822
2021-03-19 12:20:00,130.24,0,124.23910000000092
2021-03-19 12:25:00,130.165,0,114.86409999999879
2021-03-19 12:30:00,130.19,0,117.9890999999995
2021-03-19 12:35:00,130.14,0,111.73909999999807
2021-03-19 12:40:00,130.06,0,101.73910000000006
2021-03-19 12:45:00,130.39,0,142.98909999999807
2021-03-19 12:50:00,130.27,0,127.98910000000106
2021-03-19 12:55:00,130.24,0,124.23910000000092
2021-03-19 13:00:00,130.16,0,114.23909999999935
2021-03-19 13:05:00,130.12,0,109.23910000000035
2021-03-19 13:10:00,130.08,0,104.23910000000134
2021-03-19 13:15:00,130.07,0,102.98909999999893
2021-03-19 13:20:00,130.1,0,106.73909999999907
2021-03-19 13:25:00,130.145,0,112.36410000000106
2021-03-19 13:30:00,130.165,0,114.86409999999879
2021-03-19 13:35:00,130.05,0,100.4891000000012
2021-03-19 13:40:00,130.08,0,104.23910000000134
2021-03-19 13:45:00,130.07,0,102.98909999999893
2021-03-19 13:50:00,130.31,0,132.98910000000006
2021-03-19 13:55:00,130.27,0,127.98910000000106
2021-03-19 14:00:00,130.315,0,133.6140999999995
2021-03-19 14:05:00,130.3,0,131.7391000000012
2021-03-19 14:10:00,130.2,0,119.23909999999836
2021-03-19 14:15:00,130.17,0,115.48909999999822
2021-03-19 14:20:00,130.11,0,107.98910000000149
2021-03-19 14:25:00,130.0501,0,100.50159999999806
2021-03-19 14:30:00,130.15,0,112.98910000000049
2021-03-19 14:35:00,130.09,0,105.4891000000002
2021-03-19 14:40:00,130.01,0,95.48909999999864
2021-03-19 14:45:00,130.01,0,95.48909999999864
2021-03-19 14:50:00,130.0462,0,100.01409999999964
2021-03-19 14:55:00,129.89,0,80.48909999999807
2021-03-19 15:00:00,130.0,0,94.23909999999978
2021-03-19 15:05:00,129.64,-1,49.239099999998075
2021-03-19 15:10:00,129.6,-1,44.27909999999906
2021-03-19 15:15:00,129.66,0,51.65909999999934
2021-03-19 15:20:00,129.5782,-1,41.59770000000094
2021-03-19 15:25:00,129.42,-1,22.297299999998245
2021-03-19 15:30:00,129.53,-1,35.607299999999896
2021-03-19 15:35:00,129.51,-1,33.20729999999867
2021-03-19 15:40:00,129.15,-1,-9.632699999999573
2021-03-19 15:45:00,129.06,-1,-20.252699999999976
2021-03-19 15:50:00,129.045,-1,-22.007700000001705
2021-03-19 15:55:00,128.73,-1,-58.54770000000144
2021-03-19 16:00:00,128.9,-1,-38.99769999999961
2021-03-19 16:05:00,128.9,-1,-38.99769999999961
2021-03-19 16:10:00,128.9,-1,-38.99769999999961
2021-03-19 16:20:00,128.8,-1,-50.197699999998974
2021-03-19 16:25:00,128.76,-1,-54.637700000001246
2021-03-19 16:30:00,128.85,-1,-44.73770000000087
2021-03-19 16:35:00,128.85,-1,-44.73770000000087
2021-03-19 16:40:00,128.85,-1,-44.73770000000087
2021-03-19 16:50:00,129.0,-1,-28.687700000000262
2021-03-19 16:55:00,129.14,-1,-13.847700000001709
2021-03-19 17:05:00,128.86,-1,-43.247699999998844
2021-03-19 17:30:00,128.9,-1,-39.08769999999967
2021-03-19 18:50:00,128.9,-1,-39.08769999999967
2021-03-22 06:40:00,128.58,0,-71.72769999999898
2021-03-22 07:05:00,129.19,0,-9.507700000000483
2021-03-22 08:05:00,129.03,0,-25.827700000000135
2021-03-22 08:20:00,129.25,0,-3.387700000000251
2021-03-22 08:40:00,128.9,0,-39.08769999999967
2021-03-22 09:00:00,128.75,0,-54.38770000000025
2021-03-22 09:30:00,128.4,-1,-90.08769999999967
2021-03-22 09:35:00,128.25,-1,-105.23770000000025
2021-03-22 09:40:00,128.19,-1,-111.23770000000047
2021-03-22 09:45:00,128.57,0,-73.61770000000092
2021-03-22 09:50:00,129.01,0,-30.057700000001148
2021-03-22 09:55:00,129.2,1,-11.247700000001373
2021-03-22 10:00:00,129.1267,0,-18.577700000000277
2021-03-22 10:05:00,128.985,0,-32.74769999999887
2021-03-22 10:10:00,129.04,0,-27.247700000001032
2021-03-22 10:15:00,129.39,1,7.7522999999983995
2021-03-22 10:20:00,129.33,1,1.6923000000010404
2021-03-22 10:25:00,129.35,1,3.732299999999185
2021-03-22 10:30:00,129.3798,1,6.801699999998618
2021-03-22 10:35:00,129.54,1,23.462499999998954
2021-03-22 10:40:00,129.64,1,33.96249999999836
2021-03-22 10:45:00,129.6,1,29.7224999999992
2021-03-22 10:50:00,129.56,1,25.442500000000052
2021-03-22 10:55:00,129.69,1,39.48249999999956
2021-03-22 11:00:00,129.75,1,46.02249999999981
2021-03-22 11:05:00,129.47,0,15.222499999999684
2021-03-22 11:10:00,129.54,0,22.922499999998934
2021-03-22 11:15:00,129.32,0,-1.2775000000009413
2021-03-22 11:20:00,129.3903,0,6.455499999999404
2021-03-22 11:25:00,129.3,0,-3.4774999999989404
2021-03-22 11:30:00,129.4643,0,14.595500000000754
2021-03-22 11:35:00,129.5788,0,27.19049999999993
2021-03-22 11:40:00,129.63,1,32.82249999999931
2021-03-22 11:45:00,129.78,1,49.47249999999994
2021-03-22 11:50:00,129.675,1,37.712500000001086
2021-03-22 11:55:00,129.669,1,37.03450000000106
2021-03-22 12:00:00,129.75,1,46.26849999999979
2021-03-22 12:05:00,129.75,1,46.26849999999979
2021-03-22 12:10:00,129.81,1,53.228500000000054
2021-03-22 12:15:00,129.89,1,62.58849999999819
2021-03-22 12:20:00,130.02,1,77.92850000000101
2021-03-22 12:25:00,129.99,1,74.35850000000087
2021-03-22 12:30:00,130.06,1,82.75850000000005
2021-03-22 12:35:00,130.0667,1,83.56919999999946
2021-03-22 12:40:00,130.2306,1,103.56500000000096
2021-03-22 12:45:00,130.25,1,105.95119999999977
2021-03-22 12:50:00,130.08,1,84.87120000000132
2021-03-22 12:55:00,130.17,1,96.1211999999982
2021-03-22 13:00:00,130.1773,1,97.04100000000008
2021-03-22 13:05:00,130.12,1,89.76390000000035
2021-03-22 13:10:00,130.07,1,83.36389999999889
2021-03-22 13:15:00,130.06,1,82.07390000000007
2021-03-22 13:20:00,130.18,1,97.67390000000066
2021-03-22 13:25:00,130.2,1,100.29389999999827
2021-03-22 13:30:00,130.17,1,96.33389999999812
2021-03-22 13:35:00,130.25,1,106.97389999999979
2021-03-22 13:40:00,130.1415,1,92.43490000000082
2021-03-22 13:45:00,130.17,1,96.28239999999809
2021-03-22 13:50:00,130.19,1,99.00239999999948
2021-03-22 13:55:00,130.14,1,92.15239999999793
2021-03-22 14:00:00,130.15,1,93.53240000000059
2021-03-22 14:05:00,130.17,1,96.31239999999806
2021-03-22 14:10:00,130.36,1,122.91240000000172
2021-03-22 14:15:00,130.27,1,110.22240000000124
2021-03-22 14:20:00,130.31,1,115.90240000000011
2021-03-22 14:25:00,130.305,1,115.18740000000076
2021-03-22 14:30:00,130.41,1,130.3073999999993
2021-03-22 14:35:00,130.46,1,137.55740000000094
2021-03-22 14:40:00,130.577,1,154.6393999999995
2021-03-22 14:45:00,130.52,1,146.26040000000128
2021-03-22 14:50:00,130.62,1,161.06040000000044
2021-03-22 14:55:00,130.6001,1,158.0952999999994
2021-03-22 15:00:00,130.51,1,144.5802999999984
2021-03-22 15:05:00,130.62,1,161.19030000000046
2021-03-22 15:10:00,130.66,1,167.27029999999925
2021-03-22 15:15:00,130.68,1,170.33030000000082
2021-03-22 15:20:00,130.615,1,160.32030000000117
2021-03-22 15:25:00,130.49,1,140.94530000000117
2021-03-22 15:30:00,130.33,0,115.9853000000017
2021-03-22 15:35:00,130.25,0,103.50529999999975
2021-03-22 15:40:00,130.42,1,130.0252999999978
2021-03-22 15:45:00,130.145,0,86.85030000000137
2021-03-22 15:50:00,130.14,0,86.06529999999762
2021-03-22 15:55:00,130.29,0,109.61529999999851
2021-03-22 16:00:00,130.55,1,150.43530000000155
2021-03-22 16:05:00,130.55,1,150.43530000000155
2021-03-22 16:10:00,129.76,0,24.825299999998293
2021-03-22 16:20:00,130.49,1,140.89530000000119
2021-03-22 16:30:00,130.55,1,150.49530000000155
2021-03-22 16:40:00,130.29,0,108.63529999999844
2021-03-22 17:00:00,130.72,1,177.86529999999954
2021-03-22 17:10:00,130.25,0,101.72529999999972
2021-03-22 17:15:00,130.3,0,109.82530000000156
2021-03-22 18:30:00,130.32,0,113.06529999999862
2021-03-22 18:35:00,130.35,0,117.9252999999988
2021-03-22 19:10:00,130.36,0,119.54530000000193
2021-03-22 19:40:00,130.36,0,119.54530000000193
2021-03-23 08:05:00,130.0,0,61.22529999999972
2021-03-23 08:15:00,130.01,0,62.84529999999825
2021-03-23 08:20:00,130.54,1,148.70529999999843
2021-03-23 08:35:00,130.45,0,134.03529999999787
2021-03-23 08:50:00,130.31,0,111.2153000000001
2021-03-23 08:55:00,130.01,0,62.315299999998246
2021-03-23 09:05:00,130.1,0,76.9852999999988
2021-03-23 09:10:00,130.28,0,106.32529999999991
2021-03-23 09:20:00,130.44,0,132.40529999999936
2021-03-23 09:25:00,130.45,0,134.03529999999787
2021-03-23 09:30:00,130.74,1,181.3053000000012
2021-03-23 09:35:00,130.1318,0,81.56049999999945
2021-03-23 09:40:00,130.11,0,77.98530000000196
2021-03-23 09:45:00,130.21,0,94.38530000000102
2021-03-23 09:50:00,130.7,1,174.74529999999785
2021-03-23 09:55:00,130.87,1,202.79530000000048
2021-03-23 10:00:00,131.07,1,235.9952999999986
2021-03-23 10:05:00,131.08,1,237.66530000000182
2021-03-23 10:10:00,130.9,1,207.42530000000068
2021-03-23 10:15:00,131.0999,1,241.2083999999982
2021-03-23 10:20:00,131.2256,1,262.5773999999973
2021-03-23 10:25:00,131.2,1,258.19979999999777
2021-03-23 10:30:00,131.37,1,287.4398000000005
2021-03-23 10:35:00,131.345,1,283.1147999999995
2021-03-23 10:40:00,131.18,1,254.40480000000088
2021-03-23 10:45:00,131.1,1,240.4047999999987
2021-03-23 10:50:00,130.99,1,221.0448000000013
2021-03-23 10:55:00,131.17,1,252.90479999999746
2021-03-23 11:00:00,131.0484,1,231.25999999999732
2021-03-23 11:05:00,131.2689,1,270.7295000000001
2021-03-23 11:10:00,131.3868,1,291.9514999999986
2021-03-23 11:15:00,131.455,1,304.29570000000194
2021-03-23 11:20:00,131.43,1,299.7457000000009
2021-03-23 11:25:00,131.396,1,293.52369999999723
2021-03-23 11:30:00,131.535,1,319.0996999999991
2021-03-23 11:35:00,131.35,1,284.87469999999865
2021-03-23 11:40:00,131.1175,1,241.62970000000098
2021-03-23 11:45:00,131.02,1,223.39720000000162
2021-03-23 11:50:00,131.02,1,223.39720000000162
2021-03-23 11:55:00,131.1,1,238.5171999999986
2021-03-23 12:00:00,131.3,1,276.5172000000018
2021-03-23 12:05:00,131.2777,1,272.25790000000154
2021-03-23 12:10:00,131.255,1,267.89949999999874
2021-03-23 12:15:00,131.47,1,309.3944999999994
2021-03-23 12:20:00,131.34,1,284.1745000000003
2021-03-23 12:25:00,131.31,1,278.32450000000006
2021-03-23 12:30:00,131.26,1,268.52449999999783
2021-03-23 12:35:00,131.22,1,260.6444999999994
2021-03-23 12:40:00,131.226,1,261.83249999999947
2021-03-23 12:45:00,131.15,1,246.70850000000078
2021-03-23 12:50:00,131.27,1,270.70850000000166
2021-03-23 12:55:00,131.2849,1,273.7033999999983
2021-03-23 13:00:00,131.34,1,284.83360000000033
2021-03-23 13:05:00,131.48,1,313.25359999999756
2021-03-23 13:10:00,131.44,1,305.0935999999992
2021-03-23 13:15:00,131.37,1,290.7436000000006
2021-03-23 13:20:00,131.31,1,278.3836000000001
2021-03-23 13:25:00,131.28,1,272.17359999999985
2021-03-23 13:30:00,131.23,1,261.7735999999975
2021-03-23 13:35:00,131.11,0,236.69360000000248
2021-03-23 13:40:00,130.89,0,190.71359999999677
2021-03-23 13:45:00,130.73,0,157.2735999999975
2021-03-23 13:50:00,130.805,0,172.94860000000105
2021-03-23 13:55:00,130.78,0,167.72359999999986
2021-03-23 14:00:00,130.69,0,148.91359999999915
2021-03-23 14:05:00,130.6474,0,140.0102000000006
2021-03-23 14:10:00,130.73,0,157.2735999999975
2021-03-23 14:15:00,130.701,0,151.21259999999825
2021-03-23 14:20:00,130.7116,0,153.4280000000005
2021-03-23 14:25:00,130.795,0,170.858599999997
2021-03-23 14:30:00,130.8,0,171.903600000002
2021-03-23 14:35:00,130.98,0,209.5235999999975
2021-03-23 14:40:00,130.97,0,207.4335999999994
2021-03-23 14:45:00,130.95,0,203.25359999999725
2021-03-23 14:50:00,131.02,0,217.88360000000176
2021-03-23 14:55:00,130.96,0,205.3436000000013
2021-03-23 15:00:00,130.8897,0,190.65090000000063
2021-03-23 15:05:00,130.915,0,195.93859999999796
2021-03-23 15:10:00,130.775,0,166.6786000000008
2021-03-23 15:15:00,130.7,0,151.00359999999725
2021-03-23 15:20:00,130.65,0,140.5536000000008
2021-03-23 15:25:00,130.38,-1,84.12359999999867
2021-03-23 15:30:00,130.25,-1,57.08359999999962
2021-03-23 15:35:00,130.22,-1,50.873599999999385
2021-03-23 15:40:00,130.15,-1,36.45360000000079
2021-03-23 15:45:00,130.3294,-1,73.2305999999981
2021-03-23 15:50:00,130.295,-1,66.21299999999707
2021-03-23 15:55:00,130.5483,0,117.632900000002
2021-03-23 16:00:00,130.46,0,99.70800000000122
2021-03-23 16:05:00,130.66,0,140.3079999999989
2021-03-23 16:10:00,130.46,0,99.70800000000122
2021-03-23 16:20:00,130.46,0,99.70800000000122
2021-03-23 16:50:00,130.4,-1,87.52800000000076
2021-03-23 17:15:00,130.85,0,178.42799999999846
2021-03-23 17:25:00,130.8,0,168.3280000000019
2021-03-23 17:50:00,130.7499,0,158.20779999999894
2021-03-23 18:10:00,130.41,-1,89.54799999999892
2021-03-23 19:35:00,130.4,-1,87.53800000000075
2021-03-24 05:10:00,130.41,-1,89.53799999999893
2021-03-24 07:20:00,130.76,0,159.1879999999978
2021-03-24 07:50:00,131.12,0,230.82800000000051
2021-03-24 08:05:00,130.75,0,157.1979999999996
2021-03-24 08:15:00,130.9,0,187.04800000000074
2021-03-24 08:20:00,130.98,0,202.96799999999757
2021-03-24 08:35:00,130.75,0,157.1979999999996
2021-03-24 08:45:00,130.79,0,165.15799999999803
2021-03-24 09:05:00,130.61,0,129.33800000000232
2021-03-24 09:10:00,130.98,0,202.96799999999757
2021-03-24 09:20:00,130.79,0,165.15799999999803
2021-03-24 09:35:00,131.07,0,220.87799999999825
2021-03-24 09:40:00,131.56,1,318.38800000000003
2021-03-24 09:45:00,131.61,1,328.3880000000023
2021-03-24 09:50:00,131.6,1,326.37799999999845
2021-03-24 09:55:00,131.39,1,283.95799999999684
2021-03-24 10:00:00,131.5109,1,308.50069999999806
2021-03-24 10:05:00,131.765,1,360.33709999999684
2021-03-24 10:10:00,131.87,1,381.86210000000057
2021-03-24 10:15:00,132.03,1,414.82209999999986
2021-03-24 10:20:00,131.791,1,365.349099999999
2021-03-24 10:25:00,131.97,1,402.5810999999994
2021-03-24 10:30:00,131.96,1,400.4911000000013
2021-03-24 10:35:00,131.77,1,360.5911000000018
2021-03-24 10:40:00,131.73,1,352.1510999999975
2021-03-24 10:45:00,131.67,1,339.431099999997
2021-03-24 10:50:00,131.83,1,373.51110000000233
2021-03-24 10:55:00,131.7733,1,361.37730000000096
2021-03-24 11:00:00,131.71,1,347.76780000000133
2021-03-24 11:05:00,131.56,1,315.3678000000001
2021-03-24 11:10:00,131.5,0,302.3477999999996
2021-03-24 11:15:00,131.6936,1,344.3590000000004
2021-03-24 11:20:00,131.5342,1,309.60979999999927
2021-03-24 11:25:00,131.44,0,288.9799999999991
2021-03-24 11:30:00,131.365,0,272.5550000000016
2021-03-24 11:35:00,131.39,0,278.0299999999966
2021-03-24 11:40:00,131.46,0,293.3600000000014
2021-03-24 11:45:00,131.5,0,302.11999999999966
2021-03-24 11:50:00,131.48,0,297.7399999999974
2021-03-24 11:55:00,131.49,0,299.93000000000166
2021-03-24 12:00:00,131.38,0,275.83999999999867
2021-03-24 12:05:00,131.56,0,315.26000000000016
2021-03-24 12:10:00,131.57,1,317.44999999999817
2021-03-24 12:15:00,131.53,0,308.6499999999999
2021-03-24 12:20:00,131.72,1,350.4499999999994
2021-03-24 12:25:00,131.705,1,347.13500000000244
2021-03-24 12:30:00,131.63,1,330.48499999999865
2021-03-24 12:35:00,131.5984,1,323.43819999999926
2021-03-24 12:40:00,131.7,1,346.19659999999715
2021-03-24 12:45:00,131.74,1,355.19660000000175
2021-03-24 12:50:00,131.58,0,319.0366000000025
2021-03-24 12:55:00,131.65,1,334.856600000001
2021-03-24 13:00:00,131.69,1,343.9365999999992
2021-03-24 13:05:00,131.54,0,309.7365999999979
2021-03-24 13:10:00,131.41,0,280.09659999999894
2021-03-24 13:15:00,131.3166,0,258.80139999999835
2021-03-24 13:20:00,131.17,0,225.37659999999687
2021-03-24 13:25:00,131.24,0,241.3366000000018
2021-03-24 13:30:00,131.26,0,245.89659999999765
2021-03-24 13:35:00,131.22,0,236.77659999999946
2021-03-24 13:40:00,131.26,0,245.89659999999765
2021-03-24 13:45:00,131.17,0,225.37659999999687
2021-03-24 13:50:00,131.29,0,252.7365999999979
2021-03-24 13:55:00,131.4,0,277.816600000001
2021-03-24 14:00:00,131.45,0,289.21659999999713
2021-03-24 14:05:00,131.42,0,282.37659999999687
2021-03-24 14:10:00,131.45,0,289.21659999999713
2021-03-24 14:15:00,131.37,0,270.97660000000076
2021-03-24 14:20:00,131.37,0,270.97660000000076
2021-03-24 14:25:00,131.37,0,270.97660000000076
2021-03-24 14:30:00,131.24,0,241.3366000000018
2021-03-24 14:35:00,131.19,0,229.9365999999992
2021-03-24 14:40:00,131.1901,0,229.95939999999996
2021-03-24 14:45:00,131.04,0,195.7365999999979
2021-03-24 14:50:00,131.16,0,223.09659999999894
2021-03-24 14:55:00,130.91,0,166.09659999999894
2021-03-24 15:00:00,130.93,0,170.65660000000128
2021-03-24 15:05:00,131.0,0,186.61659999999972
2021-03-24 15:10:00,131.0532,0,198.7462000000006
2021-03-24 15:15:00,130.98,0,182.0565999999974
2021-03-24 15:20:00,131.16,0,223.09659999999894
2021-03-24 15:25:00,131.015,0,190.0365999999966
2021-03-24 15:30:00,131.04,0,195.7365999999979
2021-03-24 15:35:00,130.895,0,162.67660000000205
2021-03-24 15:40:00,130.98,0,182.0565999999974
2021-03-24 15:45:00,130.9,0,163.81660000000102
2021-03-24 15:50:00,130.89,0,161.5365999999966
2021-03-24 15:55:00,130.78,-1,136.45659999999998
2021-03-24 16:00:00,130.57,-1,88.78659999999817
2021-03-24 16:05:00,131.14,0,217.60659999999663
2021-03-24 16:15:00,130.88,0,158.8465999999987
2021-03-24 16:20:00,130.46,-1,63.926600000001514
2021-03-24 16:30:00,130.75,-1,129.17659999999972
2021-03-24 16:35:00,130.99,0,182.93660000000176
2021-03-24 16:40:00,130.62,-1,100.05660000000074
2021-03-24 16:45:00,130.75,-1,129.04659999999973
2021-03-24 17:45:00,130.7,-1,117.9465999999972
2021-03-24 18:00:00,130.8,-1,140.04660000000223
2021-03-24 18:40:00,130.62,-1,100.44660000000073
2021-03-24 18:50:00,130.63,-1,102.63659999999874
2021-03-24 20:00:00,131.0,0,183.29659999999973
2021-03-25 08:05:00,130.0762,-1,-18.091800000000262
2021-03-25 08:10:00,129.9,-1,-56.32719999999904
2021-03-25 08:20:00,130.0,-1,-34.727200000000266
2021-03-25 08:35:00,130.56,-1,85.67280000000022
2021-03-25 08:45:00,130.0,-1,-34.167200000000264
2021-03-25 08:55:00,130.02,-1,-29.907199999998085
2021-03-25 09:00:00,130.0,-1,-34.147200000000254
2021-03-25 09:05:00,130.0,-1,-34.147200000000254
2021-03-25 09:10:00,130.0,-1,-34.147200000000254
2021-03-25 09:15:00,130.0,-1,-34.147200000000254
2021-03-25 09:20:00,130.37,-1,42.81280000000069
2021-03-25 09:25:00,130.01,-1,-31.707200000002132
2021-03-25 09:30:00,129.72,-1,-91.44720000000049
2021-03-25 09:35:00,130.59,-1,86.90280000000044
2021-03-25 09:40:00,129.85,-1,-64.05720000000142
2021-03-25 09:45:00,129.8775,-1,-58.47470000000072
2021-03-25 09:50:00,130.0,-1,-33.729700000000264
2021-03-25 09:55:00,129.985,-1,-36.74469999999752
2021-03-25 10:00:00,130.11,-1,-11.744699999997522
2021-03-25 10:05:00,130.6,0,85.76529999999863
2021-03-25 10:10:00,130.725,0,110.64029999999863
2021-03-25 10:15:00,130.828,0,131.13730000000035
2021-03-25 10:20:00,130.92,0,149.44529999999727
2021-03-25 10:25:00,130.99,0,163.37530000000157
2021-03-25 10:30:00,131.11,0,187.25530000000248
2021-03-25 10:35:00,131.1,0,185.26529999999863
2021-03-25 10:40:00,131.21,0,207.15530000000135
2021-03-25 10:45:00,131.37,0,238.99530000000067
2021-03-25 10:50:00,131.47,0,258.89529999999957
2021-03-25 10:55:00,131.48,0,260.88529999999776
2021-03-25 11:00:00,131.89,1,342.4752999999971
2021-03-25 11:05:00,131.81,1,326.4753000000003
2021-03-25 11:10:00,132.0531,1,375.3384
2021-03-25 11:15:00,132.21,1,407.03220000000147
2021-03-25 11:20:00,131.89,1,342.0721999999971
2021-03-25 11:25:00,131.93,1,350.2322000000013
2021-03-25 11:30:00,132.09,1,383.03220000000056
2021-03-25 11:35:00,132.17,1,399.5121999999973
2021-03-25 11:40:00,132.08,1,380.88220000000246
2021-03-25 11:45:00,131.93,1,349.6822000000013
2021-03-25 11:50:00,132.03,1,370.58220000000006
2021-03-25 11:55:00,132.21,1,408.3822000000015
2021-03-25 12:00:00,132.41,1,450.5821999999991
2021-03-25 12:05:00,132.02,1,367.902200000002
2021-03-25 12:10:00,132.06,1,376.4222000000003
2021-03-25 12:15:00,132.07,1,378.56219999999837
2021-03-25 12:20:00,132.25,1,417.26219999999984
2021-03-25 12:25:00,132.3398,1,436.65899999999914
2021-03-25 12:30:00,132.4,1,449.7224000000011
2021-03-25 12:35:00,132.27,1,421.38240000000206
2021-03-25 12:40:00,132.393,1,448.3194
2021-03-25 12:45:00,132.43,1,456.4594000000013
2021-03-25 12:50:00,132.43,1,456.4594000000013
2021-03-25 12:55:00,132.5,1,471.9993999999998
2021-03-25 13:00:00,132.64,1,503.21939999999677
2021-03-25 13:05:00,132.61,1,496.4994000000029
2021-03-25 13:10:00,132.65,1,505.49940000000106
2021-03-25 13:15:00,132.83,1,546.1794000000026
2021-03-25 13:20:00,132.85,1,550.7193999999985
2021-03-25 13:25:00,133.125,1,613.4193999999998
2021-03-25 13:30:00,133.0499,1,596.2215000000016
2021-03-25 13:35:00,132.8,1,538.7445000000023
2021-03-25 13:40:00,132.885,1,558.3794999999975
2021-03-25 13:45:00,133.1,1,608.2594999999983
2021-03-25 13:50:00,132.95,1,573.309499999997
2021-03-25 13:55:00,132.84,1,547.5695000000005
2021-03-25 14:00:00,132.665,1,506.44449999999784
2021-03-25 14:05:00,132.53,1,474.5845
2021-03-25 14:10:00,132.585,1,487.6195000000016
2021-03-25 14:15:00,132.82,1,543.549499999998
2021-03-25 14:20:00,132.79,1,536.3794999999977
2021-03-25 14:25:00,132.74,1,524.3795000000018
2021-03-25 14:30:00,132.61,1,493.0495000000029
2021-03-25 14:35:00,132.6,1,490.62949999999825
2021-03-25 14:40:00,132.8373,1,548.2933999999993
2021-03-25 14:45:00,133.14,1,622.1521999999962
2021-03-25 14:50:00,132.99,1,585.4022000000018
2021-03-25 14:55:00,133.03,1,595.2421999999999
2021-03-25 15:00:00,132.95,1,575.4821999999969
2021-03-25 15:05:00,132.9721,1,580.9630000000026
2021-03-25 15:10:00,132.89,1,560.5200999999963
2021-03-25 15:15:00,133.06,1,603.0201000000003
2021-03-25 15:20:00,133.09,1,610.5501000000006
2021-03-25 15:25:00,133.08,1,608.0301000000029
2021-03-25 15:30:00,133.195,1,637.125099999998
2021-03-25 15:35:00,133.175,1,632.0451000000027
2021-03-25 15:40:00,133.17,1,630.7700999999965
2021-03-25 15:45:00,132.95,1,574.4500999999968
2021-03-25 15:50:00,132.92,1,566.7400999999966
2021-03-25 15:55:00,133.08,1,608.020100000003
2021-03-25 16:00:00,133.07,1,605.430099999998
2021-03-25 16:05:00,133.07,1,605.430099999998
2021-03-25 16:35:00,133.24,1,649.8001000000022
2021-03-25 17:35:00,133.28,1,660.2801000000002
2021-03-25 18:20:00,133.0,0,586.6400999999998
2021-03-25 18:35:00,133.0,0,586.6400999999998
2021-03-25 18:40:00,133.49,1,715.5101000000022
2021-03-25 18:50:00,133.4,1,691.7501000000013
2021-03-26 07:35:00,133.15,1,625.5001000000013
2021-03-26 07:50:00,133.36,1,681.3601000000035
2021-03-26 07:55:00,133.35,1,678.6900999999983
2021-03-26 08:05:00,133.47,1,710.8500999999995
2021-03-26 08:10:00,133.24,1,648.9801000000023
2021-03-26 08:15:00,133.46,1,708.3801000000019
2021-03-26 08:40:00,133.23,0,646.050099999997
2021-03-26 09:10:00,133.2888,1,661.9849000000022
2021-03-26 09:15:00,133.29,0,662.3112999999976
2021-03-26 09:20:00,133.47,1,711.2712999999994
2021-03-26 09:25:00,133.6,1,746.7612999999982
2021-03-26 09:30:00,133.45,1,705.6612999999966
2021-03-26 09:35:00,133.59,1,744.1613000000007
2021-03-26 09:40:00,133.635,1,756.5812999999972
2021-03-26 09:45:00,133.72,1,780.1262999999994
2021-03-26 09:50:00,133.34,0,674.4863000000007
2021-03-26 09:55:00,133.465,1,709.2363000000007
2021-03-26 10:00:00,133.97,1,850.1312999999994
2021-03-26 10:05:00,134.03,1,866.9313000000001
2021-03-26 10:10:00,134.07,1,878.1712999999978
2021-03-26 10:15:00,134.3,1,943.031300000003
2021-03-26 10:20:00,134.43,1,979.8213000000017
2021-03-26 10:25:00,134.56,1,1016.7413000000004
2021-03-26 10:30:00,134.4,1,971.1413000000014
2021-03-26 10:35:00,134.26,1,931.1012999999971
2021-03-26 10:40:00,134.06,1,873.7013000000004
2021-03-26 10:45:00,133.83,1,807.4613000000033
2021-03-26 10:50:00,134.095,1,884.0462999999994
2021-03-26 10:55:00,134.26,1,931.8962999999972
2021-03-26 11:00:00,134.05,1,870.7863000000032
2021-03-26 11:05:00,134.19,1,911.6662999999992
2021-03-26 11:10:00,134.21,1,917.5263000000022
2021-03-26 11:15:00,134.31,1,946.9263000000005
2021-03-26 11:20:00,134.19,1,911.5262999999992
2021-03-26 11:25:00,134.17,1,905.6062999999962
2021-03-26 11:30:00,134.31,1,947.1863000000005
2021-03-26 11:35:00,134.3336,1,954.2190999999968
2021-03-26 11:40:00,134.35,1,959.1226999999982
2021-03-26 11:45:00,134.35,1,959.1226999999982
2021-03-26 11:50:00,134.3136,1,948.1663000000024
2021-03-26 11:55:00,134.225,1,921.4090999999983
2021-03-26 12:00:00,134.32,1,950.1940999999979
2021-03-26 12:05:00,134.2697,1,934.9029
2021-03-26 12:10:00,134.3,1,944.1444000000034
2021-03-26 12:15:00,134.219,1,919.3583999999981
2021-03-26 12:20:00,134.54,1,1017.9053999999975
2021-03-26 12:25:00,134.55,1,1020.9854000000034
2021-03-26 12:30:00,134.5,1,1005.5354
2021-03-26 12:35:00,134.61,1,1039.6354000000042
2021-03-26 12:40:00,134.74,1,1080.0654000000027
2021-03-26 12:45:00,134.81,1,1101.9054000000006
2021-03-26 12:50:00,134.76,1,1086.255399999997
2021-03-26 12:55:00,134.7997,1,1098.7212000000004
2021-03-26 13:00:00,134.7927,1,1096.516199999999
2021-03-26 13:05:00,134.92,1,1136.742999999996
2021-03-26 13:10:00,135.145,1,1208.0680000000034
2021-03-26 13:15:00,134.8598,1,1117.3744000000024
2021-03-26 13:20:00,134.8,1,1098.2982000000038
2021-03-26 13:25:00,135.01,1,1165.4981999999973
2021-03-26 13:30:00,135.07,1,1184.758199999998
2021-03-26 13:35:00,135.03,1,1171.8782000000006
2021-03-26 13:40:00,134.95,1,1146.0381999999966
2021-03-26 13:45:00,134.94,1,1142.7981999999995
2021-03-26 13:50:00,134.79,1,1094.0481999999977
2021-03-26 13:55:00,134.8917,1,1127.2023999999956
2021-03-26 14:00:00,134.98,1,1156.076499999997
2021-03-26 14:05:00,134.97,1,1152.7965
2021-03-26 14:10:00,134.88,1,1123.186499999999
2021-03-26 14:15:00,134.905,1,1131.4365000000007
2021-03-26 14:20:00,134.9399,1,1142.9883999999984
2021-03-26 14:25:00,135.26,1,1249.261599999997
2021-03-26 14:30:00,135.3,1,1262.5816000000038
2021-03-26 14:35:00,135.63,1,1372.8015999999984
2021-03-26 14:40:00,135.64,1,1376.1515999999954
2021-03-26 14:45:00,135.56,1,1349.2716000000007
2021-03-26 14:50:00,135.1,1,1194.251599999998
2021-03-26 14:55:00,135.38,1,1288.8915999999983
2021-03-26 15:00:00,135.56,1,1349.9116000000006
2021-03-26 15:05:00,135.756,1,1416.5515999999998
2021-03-26 15:10:00,135.707,1,1399.8425999999974
2021-03-26 15:15:00,135.595,1,1361.5385999999992
2021-03-26 15:20:00,135.76,1,1418.1335999999965
2021-03-26 15:25:00,135.74,1,1411.2536000000027
2021-03-26 15:30:00,135.77,1,1421.603600000003
2021-03-26 15:35:00,135.98,1,1494.2635999999961
2021-03-26 15:40:00,135.7901,1,1428.368299999998
2021-03-26 15:45:00,135.725,1,1405.7134999999976
2021-03-26 15:50:00,135.84,1,1445.8485000000007
2021-03-26 15:55:00,135.91,1,1470.3484999999982
2021-03-26 16:00:00,136.3,1,1607.2385000000033
2021-03-26 16:05:00,136.38,1,1635.3984999999977
2021-03-26 16:10:00,136.29,1,1603.6284999999966
2021-03-26 16:15:00,136.58,1,1706.2885000000038
2021-03-26 16:20:00,136.1,1,1535.8884999999973
2021-03-26 16:25:00,136.35,1,1624.8884999999973
2021-03-26 16:30:00,136.37,1,1632.028500000001
2021-03-26 16:50:00,136.25,1,1589.0684999999994
2021-03-26 16:55:00,136.15,1,1553.1685000000014
2021-03-26 17:15:00,136.0,1,1499.1684999999993
2021-03-26 17:20:00,136.0,1,1499.1684999999993
2021-03-26 17:30:00,135.7,1,1390.5684999999953
2021-03-26 17:40:00,135.7,1,1390.5684999999953
2021-03-26 17:45:00,135.7,1,1390.5684999999953
2021-03-26 17:55:00,135.7,1,1390.5684999999953
2021-03-26 18:25:00,135.45,0,1299.0684999999953
2021-03-26 18:30:00,135.7,1,1390.5684999999953
2021-03-26 18:35:00,135.7,1,1390.5684999999953
2021-03-26 18:45:00,135.7,1,1390.5684999999953
2021-03-26 18:50:00,135.7,0,1390.5684999999953
2021-03-26 19:05:00,135.7,0,1390.5684999999953
2021-03-26 19:25:00,135.7,0,1390.5684999999953
2021-03-26 19:35:00,135.7,0,1390.5684999999953
2021-03-26 19:45:00,135.7,0,1390.5684999999953
2021-03-29 06:55:00,135.87,0,1453.2985000000012
2021-03-29 07:15:00,135.7,0,1390.5684999999953
2021-03-29 07:25:00,135.31,-1,1246.6585000000005
2021-03-29 07:50:00,135.87,0,1452.7385000000013
2021-03-29 08:05:00,134.8317,-1,1070.644100000004
2021-03-29 08:20:00,135.55,0,1334.2602000000038
2021-03-29 08:30:00,135.7,0,1389.3101999999953
2021-03-29 08:45:00,135.4001,0,1279.2469000000028
2021-03-29 08:55:00,135.4,0,1279.2102000000016
2021-03-29 09:20:00,135.69,0,1385.6401999999987
2021-03-29 09:25:00,135.68,0,1381.970200000002
2021-03-29 09:30:00,135.97,1,1488.4001999999991
2021-03-29 09:35:00,136.17,1,1562.000199999995
2021-03-29 09:40:00,136.27,1,1598.9002000000032
2021-03-29 09:45:00,136.72,1,1765.4001999999991
2021-03-29 09:50:00,136.4963,1,1682.4074999999962
2021-03-29 09:55:00,136.81,1,1799.1039000000005
2021-03-29 10:00:00,136.92,1,1840.133899999995
2021-03-29 10:05:00,136.97,1,1858.8338999999992
2021-03-29 10:10:00,136.68,1,1750.0839000000021
2021-03-29 10:15:00,136.45,0,1663.6038999999953
2021-03-29 10:20:00,136.37,0,1633.5239000000013
2021-03-29 10:25:00,136.33,0,1618.4839000000043
2021-03-29 10:30:00,136.36,0,1629.7639000000047
2021-03-29 10:35:00,136.21,0,1573.3639000000026
2021-03-29 10:40:00,136.39,0,1641.0438999999944
2021-03-29 10:45:00,136.32,0,1614.723899999997
2021-03-29 10:50:00,136.28,0,1599.6839
2021-03-29 10:55:00,136.13,0,1543.2838999999979
2021-03-29 11:00:00,136.0,0,1494.4038999999996
2021-03-29 11:05:00,136.1,0,1532.0038999999974
2021-03-29 11:10:00,135.86,0,1441.7639000000047
2021-03-29 11:15:00,135.74,0,1396.643900000003
2021-03-29 11:20:00,135.73,0,1392.8838999999957
2021-03-29 11:25:00,135.684,0,1375.5878999999986
2021-03-29 11:30:00,135.955,0,1477.4839000000043
2021-03-29 11:35:00,136.08,0,1524.4839000000043
2021-03-29 11:40:00,136.07,0,1520.723899999997
2021-03-29 11:45:00,136.18,0,1562.0839000000021
2021-03-29 11:50:00,136.28,0,1599.6839
2021-03-29 11:55:00,136.32,0,1614.723899999997
2021-03-29 12:00:00,136.21,0,1573.3639000000026
2021-03-29 12:05:00,136.19,0,1565.8438999999987
2021-03-29 12:10:00,136.227,0,1579.755900000001
2021-03-29 12:15:00,136.13,0,1543.2838999999979
2021-03-29 12:20:00,135.975,0,1485.0038999999974
2021-03-29 12:25:00,135.92,0,1464.3238999999949
2021-03-29 12:30:00,136.2193,0,1576.860700000001
2021-03-29 12:35:00,136.29,0,1603.4438999999966
2021-03-29 12:40:00,136.43,0,1656.0839000000021
2021-03-29 12:45:00,136.34,0,1622.2439000000008
2021-03-29 12:50:00,136.3,0,1607.2039000000038
2021-03-29 12:55:00,136.39,0,1641.0438999999944
2021-03-29 13:00:00,136.355,0,1627.8838999999957
2021-03-29 13:05:00,136.57,1,1708.723899999997
2021-03-29 13:10:00,136.475,0,1672.9088999999974
2021-03-29 13:15:00,136.485,0,1676.6789000000047
2021-03-29 13:20:00,136.53,0,1693.6439
2021-03-29 13:25:00,136.4599,0,1667.2162000000014
2021-03-29 13:30:00,136.32,0,1614.4738999999972
2021-03-29 13:35:00,136.53,0,1693.6439000000003
2021-03-29 13:40:00,136.4,0,1644.633900000002
2021-03-29 13:45:00,136.2336,0,1581.9010999999982
2021-03-29 13:50:00,136.38,0,1637.0938999999983
2021-03-29 13:55:00,136.37,0,1633.3239000000017
2021-03-29 14:00:00,136.34,0,1622.0139000000013
2021-03-29 14:05:00,136.19,0,1565.463899999999
2021-03-29 14:10:00,136.14,0,1546.6138999999948
2021-03-29 14:15:00,136.04,0,1508.913899999997
2021-03-29 14:20:00,135.82,0,1425.9738999999975
2021-03-29 14:25:00,135.87,0,1444.8239000000017
2021-03-29 14:30:00,135.68,-1,1373.1939000000025
2021-03-29 14:35:00,135.64,-1,1358.1538999999948
2021-03-29 14:40:00,135.69,-1,1376.903899999999
2021-03-29 14:45:00,135.74,-1,1395.6039000000033
2021-03-29 14:50:00,135.75,0,1399.3338999999999
2021-03-29 14:55:00,135.76,0,1403.0638999999965
2021-03-29 15:00:00,135.8492,0,1436.3354999999983
2021-03-29 15:05:00,136.01,0,1496.3138999999965
2021-03-29 15:10:00,136.105,0,1531.748899999996
2021-03-29 15:15:00,136.07,0,1518.6938999999973
2021-03-29 15:20:00,136.22,0,1574.6438999999993
2021-03-29 15:25:00,136.38,0,1634.323899999998
2021-03-29 15:30:00,136.5,1,1679.0838999999996
2021-03-29 15:35:00,136.34,0,1619.2439000000008
2021-03-29 15:40:00,136.39,0,1637.9438999999945
2021-03-29 15:45:00,136.24,0,1581.843900000003
2021-03-29 15:50:00,136.27,0,1593.0639000000035
2021-03-29 15:55:00,136.13,0,1540.703899999998
2021-03-29 16:00:00,135.87,0,1443.4639000000013
2021-03-29 16:05:00,135.86,0,1439.7239000000047
2021-03-29 16:20:00,135.86,0,1439.7239000000047
2021-03-29 16:25:00,135.86,0,1439.7239000000047
2021-03-29 16:45:00,136.13,0,1540.703899999998
2021-03-29 17:25:00,135.9,0,1454.6839000000018
2021-03-29 17:50:00,136.0,0,1492.0838999999996
2021-03-29 18:05:00,136.0,0,1492.0838999999996
2021-03-29 18:15:00,135.89,0,1450.9438999999945
2021-03-29 19:20:00,135.9,0,1454.6839000000018
2021-03-30 05:05:00,135.83,0,1428.5039000000043
2021-03-30 05:20:00,135.0,-1,1118.0838999999996
2021-03-30 07:05:00,135.78,0,1409.0239000000001
2021-03-30 07:25:00,135.43,-1,1278.4739000000022
2021-03-30 07:35:00,135.43,-1,1278.4739000000022
2021-03-30 07:40:00,135.55,-1,1322.993900000004
2021-03-30 07:45:00,135.52,-1,1311.8939000000037
2021-03-30 07:50:00,135.52,-1,1311.8939000000037
2021-03-30 08:05:00,135.53,-1,1315.5739000000003
2021-03-30 09:05:00,135.5,-1,1304.5638999999999
2021-03-30 09:15:00,135.23,-1,1205.743899999996
2021-03-30 09:20:00,135.4,-1,1267.793900000002
2021-03-30 09:35:00,136.13,0,1533.513899999998
2021-03-30 09:40:00,135.3,-1,1231.393900000004
2021-03-30 09:45:00,135.39,-1,1264.0638999999949
2021-03-30 09:50:00,135.49,-1,1300.263900000003
2021-03-30 09:55:00,135.0,-1,1123.3738999999998
2021-03-30 10:00:00,135.255,-1,1215.1738999999982
2021-03-30 10:05:00,134.98,-1,1116.4488999999962
2021-03-30 10:10:00,135.03,-1,1134.3489000000004
2021-03-30 10:15:00,135.305,-1,1232.5239000000024
2021-03-30 10:20:00,135.36,-1,1252.1039000000048
2021-03-30 10:25:00,135.305,-1,1232.5789000000025
2021-03-30 10:30:00,135.66,0,1358.248899999999
2021-03-30 10:35:00,135.55,0,1319.308900000004
2021-03-30 10:40:00,135.4501,-1,1283.9442999999972
2021-03-30 10:45:00,135.239,-1,1209.4260000000015
2021-03-30 10:50:00,135.24,-1,1209.7780000000032
2021-03-30 10:55:00,135.11,-1,1164.1480000000047
2021-03-30 11:00:00,134.99,-1,1122.148000000003
2021-03-30 11:05:00,135.065,-1,1148.3229999999992
2021-03-30 11:10:00,134.96,-1,1111.7830000000026
2021-03-30 11:15:00,134.97,-1,1115.2529999999995
2021-03-30 11:20:00,134.98,-1,1118.7129999999963
2021-03-30 11:25:00,134.8601,-1,1077.347499999996
2021-03-30 11:30:00,134.82,-1,1063.5530999999976
2021-03-30 11:35:00,134.405,-1,921.2081000000003
2021-03-30 11:40:00,134.31,-1,888.7181000000007
2021-03-30 11:45:00,134.46,-1,939.8681000000026
2021-03-30 11:50:00,134.65,-1,1004.4681000000019
2021-03-30 11:55:00,134.74,-1,1034.978100000003
2021-03-30 12:00:00,134.58,-1,980.8981000000042
2021-03-30 12:05:00,134.29,-1,883.1680999999974
2021-03-30 12:10:00,134.215,-1,857.9681000000012
2021-03-30 12:15:00,134.15,-1,836.193100000002
2021-03-30 12:20:00,134.16,-1,839.533099999999
2021-03-30 12:25:00,134.1,-1,819.5530999999983
2021-03-30 12:30:00,134.265,-1,874.3330999999956
2021-03-30 12:35:00,134.42,-1,925.638099999996
2021-03-30 12:40:00,134.32,-1,892.6380999999978
2021-03-30 12:45:00,134.25,-1,869.6081000000001
2021-03-30 12:50:00,134.2409,-1,866.6233000000036
2021-03-30 12:55:00,134.36,-1,905.5690000000046
2021-03-30 13:00:00,134.34,-1,899.0490000000013
2021-03-30 13:05:00,134.38,-1,912.0489999999987
2021-03-30 13:10:00,134.63,-1,993.0489999999987
2021-03-30 13:15:00,134.73,-1,1025.348999999997
2021-03-30 13:20:00,134.64,-1,996.3689999999958
2021-03-30 13:25:00,134.74,0,1028.4690000000032
2021-03-30 13:30:00,134.71,0,1018.8390000000029
2021-03-30 13:35:00,134.58,-1,977.1090000000044
2021-03-30 13:40:00,134.52,-1,957.9090000000036
2021-03-30 13:45:00,134.58,-1,977.0490000000043
2021-03-30 13:50:00,134.65,0,999.3090000000021
2021-03-30 13:55:00,134.78,0,1040.6490000000008
2021-03-30 14:00:00,134.705,0,1016.7990000000044
2021-03-30 14:05:00,134.61,0,986.5890000000047
2021-03-30 14:10:00,134.68,0,1008.8490000000025
2021-03-30 14:15:00,134.76,0,1034.2889999999975
2021-03-30 14:20:00,134.78,0,1040.6490000000008
2021-03-30 14:25:00,134.71,0,1018.389000000003
2021-03-30 14:30:00,134.76,0,1034.2889999999975
2021-03-30 14:35:00,134.74,0,1027.9290000000033
2021-03-30 14:40:00,134.6132,0,987.6066000000023
2021-03-30 14:45:00,134.61,0,986.5890000000047
2021-03-30 14:50:00,134.61,0,986.5890000000047
2021-03-30 14:55:00,134.5787,0,976.6355999999996
2021-03-30 15:00:00,134.7,0,1015.2089999999966
2021-03-30 15:05:00,134.869,0,1068.9510000000002
2021-03-30 15:10:00,134.85,0,1062.9089999999985
2021-03-30 15:15:00,134.71,0,1018.3890000000029
2021-03-30 15:20:00,134.62,0,989.7690000000018
2021-03-30 15:25:00,134.805,0,1048.5990000000024
2021-03-30 15:30:00,134.88,0,1072.4489999999987
2021-03-30 15:35:00,134.83,0,1056.549000000004
2021-03-30 15:40:00,134.76,0,1034.2889999999973
2021-03-30 15:45:00,134.62,0,989.7690000000016
2021-03-30 15:50:00,134.56,0,970.6890000000009
2021-03-30 15:55:00,134.49,0,948.429000000003
2021-03-30 16:00:00,134.75,0,1031.1090000000002
2021-03-30 16:05:00,134.72,0,1021.5689999999997
2021-03-30 16:10:00,134.32,-1,894.3689999999979
2021-03-30 16:45:00,134.28,-1,881.6890000000004
2021-03-30 17:35:00,134.72,0,1020.7289999999997
2021-03-30 18:10:00,134.76,0,1033.3689999999972
2021-03-30 18:45:00,134.55,0,967.0090000000037
2021-03-30 19:40:00,134.6,0,982.8089999999983
2021-03-30 19:50:00,134.6,0,982.8089999999983
2021-03-31 06:50:00,134.48,0,944.8889999999968
2021-03-31 06:55:00,134.48,0,944.8889999999968
2021-03-31 07:05:00,134.53,0,960.6890000000004
2021-03-31 07:45:00,134.63,0,992.2889999999986
2021-03-31 08:05:00,134.62,0,989.1290000000015
2021-03-31 08:10:00,134.75,0,1030.209
2021-03-31 08:20:00,134.52,0,957.5290000000033
2021-03-31 09:00:00,134.55,0,967.0090000000037
2021-03-31 09:30:00,134.32,-1,894.3289999999979
2021-03-31 09:35:00,134.295,-1,886.4539999999961
2021-03-31 09:40:00,133.955,-1,779.6940000000039
2021-03-31 09:45:00,133.68,-1,693.6190000000022
2021-03-31 09:50:00,133.14,-1,525.1389999999958
2021-03-31 09:55:00,133.275,-1,567.1240000000018
2021-03-31 10:00:00,133.08,-1,506.67400000000396
2021-03-31 10:05:00,132.8996,-1,450.93039999999775
2021-03-31 10:10:00,132.82,-1,426.413599999998
2021-03-31 10:15:00,132.85,-1,435.6235999999983
2021-03-31 10:20:00,132.98,-1,475.4035999999969
2021-03-31 10:25:00,133.1,-1,512.0035999999983
2021-03-31 10:30:00,133.1091,-1,514.7700000000037
2021-03-31 10:35:00,133.2225,-1,549.130199999999
2021-03-31 10:40:00,133.42,-1,608.7751999999963
2021-03-31 10:45:00,133.14,-1,524.495199999996
2021-03-31 10:50:00,133.04,-1,494.4951999999977
2021-03-31 10:55:00,133.28,-1,566.2552000000004
2021-03-31 11:00:00,133.54,-1,643.7351999999977
2021-03-31 11:05:00,133.82,0,726.895199999998
2021-03-31 11:10:00,133.71,-1,694.2252000000024
2021-03-31 11:15:00,133.2967,-1,571.8883999999962
2021-03-31 11:20:00,133.18,-1,537.4619000000021
2021-03-31 11:25:00,133.298,-1,572.1539000000006
2021-03-31 11:30:00,133.215,-1,547.8349000000011
2021-03-31 11:35:00,133.08,-1,508.41490000000374
2021-03-31 11:40:00,133.06,-1,502.59490000000073
2021-03-31 11:45:00,133.1,-1,514.1948999999984
2021-03-31 11:50:00,133.43,-1,609.564900000002
2021-03-31 11:55:00,133.305,-1,573.564900000002
2021-03-31 12:00:00,133.32,-1,577.8698999999981
2021-03-31 12:05:00,133.405,-1,602.1799000000003
2021-03-31 12:10:00,133.49,-1,626.4049000000026
2021-03-31 12:15:00,133.53,0,637.7649000000004
2021-03-31 12:20:00,133.3,-1,572.4449000000033
2021-03-31 12:25:00,133.34,-1,583.764900000001
2021-03-31 12:30:00,133.375,-1,593.6349
2021-03-31 12:35:00,133.3814,-1,595.4333000000038
2021-03-31 12:40:00,133.19,-1,541.8412999999994
2021-03-31 12:45:00,133.3227,-1,578.8645999999993
2021-03-31 12:50:00,133.3,-1,572.5540000000032
2021-03-31 12:55:00,133.37,0,591.9440000000013
2021-03-31 13:00:00,133.51,0,630.7239999999975
2021-03-31 13:05:00,133.62,0,661.1940000000013
2021-03-31 13:10:00,133.69,0,680.5839999999994
2021-03-31 13:15:00,133.66,0,672.2739999999991
2021-03-31 13:20:00,133.63,0,663.9639999999988
2021-03-31 13:25:00,133.605,0,657.0389999999973
2021-03-31 13:30:00,133.69,0,680.5839999999995
2021-03-31 13:35:00,133.75,0,697.2040000000002
2021-03-31 13:40:00,133.659,0,671.9969999999979
2021-03-31 13:45:00,133.67,0,675.0439999999967
2021-03-31 13:50:00,133.68,0,677.814000000002
2021-03-31 13:55:00,133.79,0,708.283999999998
2021-03-31 14:00:00,133.78,0,705.5140000000005
2021-03-31 14:05:00,133.76,0,699.9739999999977
2021-03-31 14:10:00,133.69,0,680.5839999999996
2021-03-31 14:15:00,133.72,0,688.8939999999999
2021-03-31 14:20:00,133.76,0,699.9739999999977
2021-03-31 14:25:00,133.83,0,719.3640000000037
2021-03-31 14:30:00,133.8401,0,722.161700000002
2021-03-31 14:35:00,133.8725,0,731.1365000000008
2021-03-31 14:40:00,133.78,0,705.5140000000005
2021-03-31 14:45:00,133.89,0,735.9839999999964
2021-03-31 14:50:00,133.79,0,708.283999999998
2021-03-31 14:55:00,133.79,0,708.283999999998
2021-03-31 15:00:00,133.85,0,724.9039999999986
2021-03-31 15:05:00,133.84,0,722.1340000000012
2021-03-31 15:10:00,133.84,0,722.1340000000012
2021-03-31 15:15:00,133.78,0,705.5140000000006
2021-03-31 15:20:00,133.89,0,735.9839999999965
2021-03-31 15:25:00,133.745,0,695.8190000000016
2021-03-31 15:30:00,133.69,0,680.5839999999996
2021-03-31 15:35:00,133.75,0,697.2040000000002
2021-03-31 15:40:00,133.613,0,659.2550000000001
2021-03-31 15:45:00,133.59,0,652.8840000000012
2021-03-31 15:50:00,133.59,0,652.8840000000012
2021-03-31 15:55:00,133.58,0,650.1140000000037
2021-03-31 16:00:00,133.27,0,564.2440000000031
2021-03-31 16:05:00,133.26,0,561.4739999999978
2021-03-31 16:10:00,133.2,0,544.8539999999971
2021-03-31 16:45:00,133.53,0,636.2640000000006
2021-03-31 16:50:00,133.22,0,550.394
2021-03-31 17:15:00,133.22,0,550.394
2021-03-31 18:25:00,133.24,0,555.9340000000028
2021-04-01 04:05:00,133.36,0,589.1740000000041
2021-04-01 06:35:00,133.6,0,655.6539999999987
2021-04-01 07:45:00,133.7,0,683.3539999999972
2021-04-01 08:15:00,133.49,0,625.1840000000029
2021-04-01 08:20:00,133.26,0,561.4739999999979
2021-04-01 08:35:00,133.38,0,594.7139999999991
2021-04-01 08:50:00,133.45,0,614.1039999999973
2021-04-01 09:00:00,133.9626,1,756.094200000003
2021-04-01 09:10:00,133.5123,0,630.9108000000033
2021-04-01 09:20:00,133.9,1,738.691400000002
2021-04-01 09:25:00,133.8999,1,738.663500000001
2021-04-01 09:35:00,133.7551,0,698.1195
2021-04-01 09:40:00,133.26,0,559.4914999999978
2021-04-01 09:45:00,132.925,-1,465.69150000000354
2021-04-01 09:50:00,132.435,-1,328.981500000001
2021-04-01 09:55:00,132.58,-1,369.29150000000385
2021-04-01 10:00:00,132.36,-1,308.3515000000042
2021-04-01 10:05:00,132.6,-1,374.59149999999886
2021-04-01 10:10:00,132.58,-1,369.09150000000386
2021-04-01 10:15:00,132.481,-1,341.96549999999894
2021-04-01 10:20:00,132.58,-1,368.9925000000038
2021-04-01 10:25:00,132.775,-1,422.03250000000196
2021-04-01 10:30:00,132.66,-1,390.8674999999995
2021-04-01 10:35:00,132.91,-1,458.3674999999995
2021-04-01 10:40:00,132.69,-1,399.1874999999998
2021-04-01 10:45:00,132.61,-1,377.74750000000404
2021-04-01 10:50:00,132.68,-1,396.4375000000022
2021-04-01 10:55:00,132.445,-1,333.9274999999986
2021-04-01 11:00:00,132.34,-1,306.1025000000013
2021-04-01 11:05:00,132.47,-1,340.4225000000001
2021-04-01 11:10:00,132.74,-1,411.43250000000285
2021-04-01 11:15:00,132.94,0,463.83249999999987
2021-04-01 11:20:00,133.17,0,524.0924999999972
2021-04-01 11:25:00,133.06,0,495.2725000000011
2021-04-01 11:30:00,132.89,-1,450.73249999999695
2021-04-01 11:35:00,132.785,-1,423.32749999999965
2021-04-01 11:40:00,132.625,-1,381.72750000000053
2021-04-01 11:45:00,132.61,-1,377.84250000000407
2021-04-01 11:50:00,132.555,-1,363.6525000000023
2021-04-01 11:55:00,132.72,-1,406.05750000000023
2021-04-01 12:00:00,132.85,-1,439.33749999999907
2021-04-01 12:05:00,132.905,0,453.3625000000008
2021-04-01 12:10:00,133.01,0,480.1374999999982
2021-04-01 12:15:00,132.9876,0,474.42549999999704
2021-04-01 12:20:00,132.88,0,446.9874999999994
2021-04-01 12:25:00,132.89,0,449.53749999999707
2021-04-01 12:30:00,132.69,-1,398.53749999999997
2021-04-01 12:35:00,132.76,-1,416.31749999999823
2021-04-01 12:40:00,132.7,-1,401.13749999999766
2021-04-01 12:45:00,132.645,-1,387.2775000000031
2021-04-01 12:50:00,132.6176,-1,380.4001000000031
2021-04-01 12:55:00,132.69,-1,398.5001
2021-04-01 13:00:00,132.7152,-1,404.7749000000031
2021-04-01 13:05:00,132.68,-1,396.04530000000227
2021-04-01 13:10:00,132.68,-1,396.04530000000227
2021-04-01 13:15:00,132.68,-1,396.04530000000227
2021-04-01 13:20:00,132.68,-1,396.04530000000227
2021-04-01 13:25:00,132.65,-1,388.725300000002
2021-04-01 13:30:00,132.69,0,398.4453000000001
2021-04-01 13:35:00,132.84,0,434.8953000000015
2021-04-01 13:40:00,132.795,0,423.96029999999763
2021-04-01 13:45:00,132.79,0,422.74529999999874
2021-04-01 13:50:00,132.765,0,416.6702999999974
2021-04-01 13:55:00,132.72,0,405.7353000000004
2021-04-01 14:00:00,132.64,0,386.2952999999974
2021-04-01 14:05:00,132.67,0,393.5852999999977
2021-04-01 14:10:00,132.7802,0,420.3639000000026
2021-04-01 14:15:00,132.6567,0,390.3534000000009
2021-04-01 14:20:00,132.8,0,425.17530000000346
2021-04-01 14:25:00,132.7999,0,425.1510000000027
2021-04-01 14:30:00,132.52,-1,357.1353000000032
2021-04-01 14:35:00,132.695,0,399.4852999999991
2021-04-01 14:40:00,132.64,0,386.17529999999743
2021-04-01 14:45:00,132.72,0,405.53530000000046
2021-04-01 14:50:00,132.78,0,420.055300000001
2021-04-01 14:55:00,132.7257,0,406.9146999999981
2021-04-01 15:00:00,132.73,0,407.95529999999826
2021-04-01 15:05:00,132.81,0,427.3153000000013
2021-04-01 15:10:00,133.055,0,486.6053000000024
2021-04-01 15:15:00,133.1,0,497.49529999999936
2021-04-01 15:20:00,132.89,0,446.67529999999743
2021-04-01 15:25:00,132.81,0,427.3153000000013
2021-04-01 15:30:00,132.7283,0,407.54389999999836
2021-04-01 15:35:00,132.75,0,412.79530000000074
2021-04-01 15:40:00,132.7,0,400.695299999998
2021-04-01 15:45:00,133.05,0,485.3953000000035
2021-04-01 15:50:00,133.01,0,475.71529999999854
2021-04-01 15:55:00,133.075,0,491.445299999998
2021-04-01 16:00:00,133.24,0,531.3753000000029
2021-04-01 16:05:00,133.2,0,521.6952999999979
2021-04-01 16:10:00,133.2,0,521.6952999999979
2021-04-01 16:15:00,133.25,0,533.7953000000007
2021-04-01 16:20:00,133.36,1,560.415300000004
2021-04-01 16:35:00,133.26,0,536.1152999999985
2021-04-01 16:45:00,133.41,1,572.5652999999999
2021-04-01 16:50:00,133.4,1,570.1253000000021
2021-04-01 16:55:00,133.23,0,528.4752999999982
2021-04-01 17:25:00,133.27,1,538.2753000000032
2021-04-01 18:05:00,133.23,0,528.4352999999982
2021-04-05 07:05:00,133.5,0,594.8553000000006
2021-04-05 07:15:00,133.51,0,597.3152999999984
2021-04-05 07:20:00,133.5,0,594.8553000000006
2021-04-05 07:25:00,133.69,1,641.5953000000001
2021-04-05 08:05:00,133.62,0,624.3053000000018
2021-04-05 08:10:00,133.65,0,631.7153000000021
2021-04-05 08:40:00,133.97,1,710.7553000000005
2021-04-05 08:45:00,133.97,1,710.7553000000005
2021-04-05 08:50:00,133.69,0,641.0353000000002
2021-04-05 08:55:00,133.85,0,680.8752999999994
2021-04-05 09:05:00,133.92,1,698.3052999999977
2021-04-05 09:30:00,133.62,0,623.305300000002
2021-04-05 09:35:00,134.12,1,748.305300000002
2021-04-05 09:40:00,133.855,0,681.7902999999983
2021-04-05 09:45:00,133.825,0,674.260299999998
2021-04-05 09:50:00,133.46,-1,582.6453000000029
2021-04-05 09:55:00,133.515,-1,596.3952999999974
2021-04-05 10:00:00,133.81,0,669.8503000000014
2021-04-05 10:05:00,133.87,0,684.7903000000019
2021-04-05 10:10:00,133.9239,0,698.2114000000016
2021-04-05 10:15:00,134.3224,1,797.4378999999977
2021-04-05 10:20:00,134.31,1,794.3379000000014
2021-04-05 10:25:00,134.5399,1,852.0427999999979
2021-04-05 10:30:00,134.34,1,801.6680000000016
2021-04-05 10:35:00,134.27,1,783.9580000000033
2021-04-05 10:40:00,134.46,1,832.2180000000027
2021-04-05 10:45:00,134.36,1,806.7180000000042
2021-04-05 10:50:00,134.81,1,921.9180000000013
2021-04-05 10:55:00,134.73,1,901.357999999998
2021-04-05 11:00:00,134.82,1,924.5779999999988
2021-04-05 11:05:00,134.9125,1,948.5354999999992
2021-04-05 11:10:00,135.23,1,1031.0854999999979
2021-04-05 11:15:00,135.2469,1,1035.4964000000034
2021-04-05 11:20:00,135.3,1,1049.4086000000036
2021-04-05 11:25:00,135.231,1,1031.2615999999991
2021-04-05 11:30:00,135.4055,1,1077.3295999999978
2021-04-05 11:35:00,135.34,1,1059.9721000000015
2021-04-05 11:40:00,135.47,1,1094.5521000000003
2021-04-05 11:45:00,135.62,1,1134.6021000000019
2021-04-05 11:50:00,135.72,1,1161.4021000000002
2021-04-05 11:55:00,135.76,1,1172.1620999999982
2021-04-05 12:00:00,135.845,1,1195.1121000000003
2021-04-05 12:05:00,135.9,1,1210.017100000002
2021-04-05 12:10:00,136.019,1,1242.385100000002
2021-04-05 12:15:00,136.03,1,1245.3881000000008
2021-04-05 12:20:00,136.015,1,1241.2780999999968
2021-04-05 12:25:00,136.29,1,1316.9030999999984
2021-04-05 12:30:00,136.4673,1,1365.837899999999
2021-04-05 12:35:00,136.53,1,1383.2058000000009
2021-04-05 12:40:00,136.62,1,1408.2258000000018
2021-04-05 12:45:00,136.54,1,1385.9057999999982
2021-04-05 12:50:00,136.54,1,1385.9057999999982
2021-04-05 12:55:00,136.48,1,1369.0457999999976
2021-04-05 13:00:00,136.41,1,1349.3057999999996
2021-04-05 13:05:00,136.525,1,1381.8508000000022
2021-04-05 13:10:00,136.51,1,1377.5907999999981
2021-04-05 13:15:00,136.37,1,1337.6908000000021
2021-04-05 13:20:00,136.23,1,1297.6507999999978
2021-04-05 13:25:00,136.13,1,1268.9507999999994
2021-04-05 13:30:00,136.025,0,1238.7108000000023
2021-04-05 13:35:00,136.2569,1,1305.4980000000012
2021-04-05 13:40:00,136.08,0,1254.3739000000044
2021-04-05 13:45:00,135.88,0,1196.5738999999994
2021-04-05 13:50:00,136.11,0,1263.0439000000047
2021-04-05 13:55:00,136.23,1,1297.7238999999977
2021-04-05 14:00:00,136.36,1,1335.4239000000046
2021-04-05 14:05:00,136.239,1,1300.2129000000018
2021-04-05 14:10:00,136.295,1,1316.564899999997
2021-04-05 14:15:00,136.23,0,1297.5198999999975
2021-04-05 14:20:00,136.2678,1,1308.5952999999988
2021-04-05 14:25:00,136.34,1,1329.8221000000017
2021-04-05 14:30:00,136.3359,1,1328.6126000000036
2021-04-05 14:35:00,136.355,1,1334.2661999999978
2021-04-05 14:40:00,136.23,0,1297.1411999999978
2021-04-05 14:45:00,136.13,0,1267.4411999999995
2021-04-05 14:50:00,136.07,0,1249.621199999999
2021-04-05 14:55:00,135.95,0,1213.9811999999974
2021-04-05 15:00:00,135.82,0,1175.3711999999987
2021-04-05 15:05:00,135.7156,0,1144.3643999999993
2021-04-05 15:10:00,135.76,0,1157.551199999998
2021-04-05 15:15:00,135.78,0,1163.491200000001
2021-04-05 15:20:00,135.98,0,1222.8911999999978
2021-04-05 15:25:00,135.99,0,1225.8612000000035
2021-04-05 15:30:00,135.94,0,1211.0112000000001
2021-04-05 15:35:00,135.855,0,1185.7661999999978
2021-04-05 15:40:00,135.98,0,1222.8911999999978
2021-04-05 15:45:00,135.98,0,1222.8911999999978
2021-04-05 15:50:00,135.88,0,1193.1911999999995
2021-04-05 15:55:00,136.0,0,1228.831200000001
2021-04-05 16:00:00,135.92,0,1205.0711999999974
2021-04-05 16:05:00,135.93,0,1208.041200000003
2021-04-05 16:20:00,135.96,0,1216.9512000000034
2021-04-05 18:35:00,136.05,0,1243.6812000000043
2021-04-05 18:50:00,136.02,0,1234.771200000004
2021-04-06 04:05:00,133.71,-1,548.7012000000034
2021-04-06 07:05:00,135.9,0,1196.9412000000027
2021-04-06 07:15:00,135.65,0,1122.9412000000027
2021-04-06 07:20:00,135.41,0,1051.9012
2021-04-06 07:30:00,135.6,0,1108.1411999999993
2021-04-06 08:10:00,135.6799,0,1131.791600000002
2021-04-06 08:30:00,135.54,0,1090.3811999999987
2021-04-06 08:35:00,135.65,0,1122.9412000000027
2021-04-06 08:40:00,135.64,0,1119.981199999997
2021-04-06 08:45:00,135.4907,0,1075.7884000000022
2021-04-06 08:50:00,135.66,0,1125.9012
2021-04-06 09:25:00,135.53,0,1087.4212000000014
2021-04-06 09:30:00,135.28,0,1013.4212000000014
2021-04-06 09:35:00,135.25,0,1004.541200000001
2021-04-06 09:40:00,135.1127,0,963.900399999998
2021-04-06 09:45:00,134.73,-1,850.621199999998
2021-04-06 09:50:00,134.81,-1,874.2212000000017
2021-04-06 09:55:00,134.68,-1,836.001200000003
2021-04-06 10:00:00,134.7792,-1,865.0668000000019
2021-04-06 10:05:00,134.94,-1,912.0204000000003
2021-04-06 10:10:00,134.8,-1,871.2804000000043
2021-04-06 10:15:00,134.88,-1,894.4803999999997
2021-04-06 10:20:00,134.92,-1,906.0403999999974
2021-04-06 10:25:00,134.74,-1,854.2004000000036
2021-04-06 10:30:00,134.65,-1,828.3704000000026
2021-04-06 10:35:00,134.7031,-1,843.5570000000027
2021-04-06 10:40:00,134.582,-1,809.0434999999991
2021-04-06 10:45:00,134.49,-1,782.9155000000035
2021-04-06 10:50:00,134.425,-1,764.5205000000042
2021-04-06 10:55:00,134.71,-1,844.8905000000032
2021-04-06 11:00:00,134.6738,-1,834.7183000000009
2021-04-06 11:05:00,134.59,-1,811.2543000000019
2021-04-06 11:10:00,134.625,-1,821.019300000001
2021-04-06 11:15:00,134.5001,-1,786.2971000000018
2021-04-06 11:20:00,134.51,-1,789.0393999999984
2021-04-06 11:25:00,134.54,-1,797.3193999999987
2021-04-06 11:30:00,134.77,-1,860.5694000000037
2021-04-06 11:35:00,134.72,-1,846.8694000000006
2021-04-06 11:40:00,134.68,-1,835.9494000000028
2021-04-06 11:45:00,134.64,-1,825.0693999999972
2021-04-06 11:50:00,134.71,-1,844.0394000000031
2021-04-06 11:55:00,134.59,-1,811.6394000000018
2021-04-06 12:00:00,134.71,-1,843.9194000000031
2021-04-06 12:05:00,134.71,-1,843.9194000000031
2021-04-06 12:10:00,134.66,-1,830.5694000000001
2021-04-06 12:15:00,134.64,-1,825.2493999999974
2021-04-06 12:20:00,134.717,-1,845.6544000000044
2021-04-06 12:25:00,134.7776,-1,861.6528000000028
2021-04-06 12:30:00,134.8175,0,872.1464999999998
2021-04-06 12:35:00,134.75,-1,854.394000000001
2021-04-06 12:40:00,134.59,-1,812.474000000002
2021-04-06 12:45:00,134.5803,-1,809.9422999999995
2021-04-06 12:50:00,134.565,-1,805.9643000000004
2021-04-06 12:55:00,134.51,-1,791.7192999999986
2021-04-06 13:00:00,134.55,-1,802.0393000000039
2021-04-06 13:05:00,134.53,-1,796.8993000000013
2021-04-06 13:10:00,134.47,-1,781.5393000000007
2021-04-06 13:15:00,134.36,-1,753.4893000000045
2021-04-06 13:20:00,134.36,-1,753.4893000000045
2021-04-06 13:25:00,134.22,-1,718.0693000000008
2021-04-06 13:30:00,134.245,-1,724.3693000000022
2021-04-06 13:35:00,134.23,-1,720.6042999999985
2021-04-06 13:40:00,134.22,-1,718.1043000000008
2021-04-06 13:45:00,134.185,-1,709.3893000000016
2021-04-06 13:50:00,134.205,-1,714.3493000000042
2021-04-06 13:55:00,134.25,-1,725.4643000000011
2021-04-06 14:00:00,134.4034,-1,763.2007000000024
2021-04-06 14:05:00,134.34,-1,747.667700000002
2021-04-06 14:10:00,134.4,-1,762.3077000000026
2021-04-06 14:15:00,134.46,0,776.8877000000032
2021-04-06 14:20:00,134.335,-1,746.5127000000032
2021-04-06 14:25:00,134.32,-1,742.8826999999997
2021-04-06 14:30:00,134.28,-1,733.2427000000016
2021-04-06 14:35:00,134.28,-1,733.2427000000016
2021-04-06 14:40:00,134.19,-1,711.7327000000008
2021-04-06 14:45:00,134.28,-1,733.1527000000017
2021-04-06 14:50:00,134.33,0,745.0027000000043
2021-04-06 14:55:00,134.23,-1,721.3026999999989
2021-04-06 15:00:00,134.1932,-1,712.617899999999
2021-04-06 15:05:00,134.2,-1,714.2158999999987
2021-04-06 15:10:00,134.24,-1,723.5759000000035
2021-04-06 15:15:00,134.28,0,732.8959000000016
2021-04-06 15:20:00,134.295,0,736.3908999999984
2021-04-06 15:25:00,134.3,0,737.5559000000039
2021-04-06 15:30:00,134.33,0,744.5459000000042
2021-04-06 15:35:00,134.17,-1,707.2658999999983
2021-04-06 15:40:00,134.16,-1,704.9459000000004
2021-04-06 15:45:00,134.1,-1,691.0858999999998
2021-04-06 15:50:00,134.165,-1,706.0358999999993
2021-04-06 15:55:00,134.115,-1,694.5859000000032
2021-04-06 16:00:00,134.23,0,720.8058999999988
2021-04-06 16:05:00,134.22,0,718.5259000000009
2021-04-06 16:10:00,134.22,0,718.5259000000009
2021-04-06 16:15:00,134.11,-1,693.4459000000043
2021-04-06 16:45:00,134.49,0,779.7059000000032
2021-04-06 16:50:00,134.5,0,781.9759000000012
2021-04-06 17:00:00,134.5,0,781.9759000000012
2021-04-06 18:45:00,134.5,0,781.9759000000012
2021-04-06 19:20:00,134.59,0,802.4059000000019
2021-04-06 19:25:00,134.4,0,759.2759000000024
2021-04-06 20:00:00,134.41,0,761.5459000000003
2021-04-07 07:50:00,134.68,0,822.8359000000027
2021-04-07 08:05:00,134.45,0,770.6258999999985
2021-04-07 08:10:00,134.48,0,777.4358999999988
2021-04-07 08:20:00,134.38,0,754.7359000000001
2021-04-07 08:30:00,134.41,0,761.5459000000004
2021-04-07 08:40:00,134.16,-1,704.7959000000004
2021-04-07 08:45:00,134.05,-1,679.9359000000038
2021-04-07 08:50:00,134.11,-1,693.4359000000043
2021-04-07 09:00:00,134.06,-1,682.2359000000017
2021-04-07 09:10:00,133.91,-1,648.7859000000004
2021-04-07 09:15:00,133.84,-1,633.2459000000019
2021-04-07 09:20:00,133.6,-1,580.2058999999999
2021-04-07 09:25:00,133.68,-1,597.8059000000027
2021-04-07 09:30:00,133.46,-1,549.625900000003
2021-04-07 09:35:00,134.46,0,767.625900000003
2021-04-07 09:40:00,134.69,0,817.7659000000008
2021-04-07 09:45:00,134.325,0,738.1958999999988
2021-04-07 09:50:00,134.54,0,785.0658999999996
2021-04-07 09:55:00,134.5,0,776.3459000000014
2021-04-07 10:00:00,134.48,0,771.9858999999992
2021-04-07 10:05:00,134.62,0,802.5059000000024
2021-04-07 10:10:00,134.665,0,812.3158999999996
2021-04-07 10:15:00,134.52,0,780.7059000000036
2021-04-07 10:20:00,134.58,0,793.7859000000041
2021-04-07 10:25:00,134.65,0,809.0459000000026
2021-04-07 10:30:00,134.6,0,798.1459000000001
2021-04-07 10:35:00,134.61,0,800.3259000000044
2021-04-07 10:40:00,134.6,0,798.1459000000002
2021-04-07 10:45:00,134.53,0,782.8859000000017
2021-04-07 10:50:00,134.55,0,787.245900000004
2021-04-07 10:55:00,134.645,0,807.9559000000038
2021-04-07 11:00:00,134.5802,0,793.8294999999996
2021-04-07 11:05:00,134.575,0,792.6958999999991
2021-04-07 11:10:00,134.53,0,782.8859000000018
2021-04-07 11:15:00,134.496,0,775.4739000000036
2021-04-07 11:20:00,134.5,0,776.3459000000016
2021-04-07 11:25:00,134.44,0,763.2659000000011
2021-04-07 11:30:00,134.18,0,706.5859000000031
2021-04-07 11:35:00,134.419,0,758.687900000004
2021-04-07 11:40:00,134.36,0,745.8259000000046
2021-04-07 11:45:00,134.14,0,697.8658999999986
2021-04-07 11:50:00,134.09,-1,686.9659000000024
2021-04-07 11:55:00,134.1225,-1,694.0184000000022
2021-04-07 12:00:00,134.28,0,728.038400000002
2021-04-07 12:05:00,134.4,0,753.9584000000029
2021-04-07 12:10:00,134.3879,0,751.3448000000021
2021-04-07 12:15:00,134.47,0,769.0784000000015
2021-04-07 12:20:00,134.46,0,766.9184000000034
2021-04-07 12:25:00,134.43,0,760.4384000000032
2021-04-07 12:30:00,134.33,0,738.8384000000044
2021-04-07 12:35:00,134.31,0,734.5184000000022
2021-04-07 12:40:00,134.2932,0,730.8896000000045
2021-04-07 12:45:00,134.2,0,710.7583999999993
2021-04-07 12:50:00,134.19,0,708.5984000000012
2021-04-07 12:55:00,134.25,0,721.5584000000017
2021-04-07 13:00:00,134.32,0,736.6784000000002
2021-04-07 13:05:00,134.34,0,740.9984000000024
2021-04-07 13:10:00,134.34,0,740.9984000000024
2021-04-07 13:15:00,134.4,0,753.9584000000029
2021-04-07 13:20:00,134.28,0,728.038400000002
2021-04-07 13:25:00,134.21,0,712.9184000000034
2021-04-07 13:30:00,134.33,0,738.8384000000044
2021-04-07 13:35:00,134.28,0,728.038400000002
2021-04-07 13:40:00,134.26,0,723.7183999999997
2021-04-07 13:45:00,134.28,0,728.038400000002
2021-04-07 13:50:00,134.29,0,730.1984
2021-04-07 13:55:00,134.35,0,743.1584000000005
2021-04-07 14:00:00,134.43,0,760.4384000000032
2021-04-07 14:05:00,134.435,0,761.5184000000022
2021-04-07 14:10:00,134.39,0,751.7983999999988
2021-04-07 14:15:00,134.38,0,749.6384000000007
2021-04-07 14:20:00,134.35,0,743.1584000000005
2021-04-07 14:25:00,134.45,0,764.7583999999993
2021-04-07 14:30:00,134.36,0,745.3184000000047
2021-04-07 14:35:00,134.33,0,738.8384000000044
2021-04-07 14:40:00,134.5399,0,784.1767999999993
2021-04-07 14:45:00,134.54,0,784.1984
2021-04-07 14:50:00,134.53,0,782.038400000002
2021-04-07 14:55:00,134.52,0,779.8784000000039
2021-04-07 15:00:00,134.48,0,771.2383999999995
2021-04-07 15:05:00,134.51,0,777.7183999999997
2021-04-07 15:10:00,134.49,0,773.3984000000037
2021-04-07 15:15:00,134.444,0,763.4623999999992
2021-04-07 15:20:00,134.54,0,784.1984
2021-04-07 15:25:00,134.64,1,805.7983999999988
2021-04-07 15:30:00,134.57,0,790.6084000000003
2021-04-07 15:35:00,134.56,0,788.4384000000023
2021-04-07 15:40:00,134.81,1,842.6884000000023
2021-04-07 15:45:00,134.85,1,851.4084000000005
2021-04-07 15:50:00,134.81,1,842.6484000000022
2021-04-07 15:55:00,134.72,1,822.8484000000014
2021-04-07 16:00:00,134.93,1,869.2584000000032
2021-04-07 16:05:00,135.0,1,884.7984000000017
2021-04-07 16:10:00,135.05,1,895.9484000000043
2021-04-07 16:15:00,135.0,1,884.7484000000018
2021-04-07 16:20:00,135.0,1,884.7484000000018
2021-04-07 16:25:00,135.0,1,884.7484000000018
2021-04-07 16:30:00,135.0,1,884.7484000000018
2021-04-07 16:35:00,135.0,1,884.7484000000018
2021-04-07 16:40:00,135.2,1,930.5483999999992
2021-04-07 17:10:00,135.1,1,907.5484000000006
2021-04-07 17:40:00,135.15,1,919.0984000000033
2021-04-08 04:05:00,135.29,1,951.5784000000001
2021-04-08 06:45:00,134.96,1,874.6884000000039
2021-04-08 06:55:00,134.88,1,855.9684000000009
2021-04-08 07:00:00,134.93,1,867.7184000000036
2021-04-08 07:05:00,134.93,1,867.7184000000036
2021-04-08 07:35:00,135.0,1,884.3084000000019
2021-04-08 08:20:00,135.01,1,886.6883999999998
2021-04-08 08:30:00,135.0,1,884.298400000002
2021-04-08 08:35:00,135.2,1,932.2983999999992
2021-04-08 08:40:00,135.2,1,932.2983999999992
2021-04-08 08:45:00,135.28,1,951.6584000000023
2021-04-08 08:50:00,135.0,1,883.618400000002
2021-04-08 09:00:00,134.93,1,866.5384000000037
2021-04-08 09:10:00,135.0,1,883.688400000002
2021-04-08 09:30:00,134.27,-1,704.1084000000046
2021-04-08 09:35:00,134.48,0,755.5583999999997
2021-04-08 09:40:00,135.49,1,1003.0084000000044
2021-04-08 09:45:00,134.54,0,769.3084000000001
2021-04-08 09:50:00,134.85,0,845.5684000000007
2021-04-08 09:55:00,134.61,0,786.5284000000054
2021-04-08 10:00:00,134.705,0,809.898400000005
2021-04-08 10:05:00,134.76,0,823.4283999999998
2021-04-08 10:10:00,134.55,0,771.7684000000048
2021-04-08 10:15:00,134.555,0,772.9984000000037
2021-04-08 10:20:00,134.7,0,808.6683999999992
2021-04-08 10:25:00,134.55,0,771.7684000000048
2021-04-08 10:30:00,134.72,0,813.5884000000017
2021-04-08 10:35:00,134.72,0,813.5884000000017
2021-04-08 10:40:00,134.8999,0,857.8438000000026
2021-04-08 10:45:00,134.945,1,868.9384000000003
2021-04-08 10:50:00,134.82,0,838.0634000000003
2021-04-08 10:55:00,134.8,0,833.1234000000048
2021-04-08 11:00:00,134.84,0,843.0034000000029
2021-04-08 11:05:00,134.7237,0,814.2773000000041
2021-04-08 11:10:00,134.51,0,761.4933999999998
2021-04-08 11:15:00,134.5,0,759.0234000000021
2021-04-08 11:20:00,134.67,0,801.013399999999
2021-04-08 11:25:00,134.625,0,789.8984000000021
2021-04-08 11:30:00,134.7,0,808.4233999999992
2021-04-08 11:35:00,134.61,0,786.1934000000053
2021-04-08 11:40:00,134.3933,0,732.6685000000045
2021-04-08 11:45:00,134.31,-1,712.0934000000025
2021-04-08 11:50:00,134.35,0,721.9334000000006
2021-04-08 11:55:00,134.45,0,746.5333999999991
2021-04-08 12:00:00,134.45,0,746.5333999999991
2021-04-08 12:05:00,134.39,0,731.7733999999986
2021-04-08 12:10:00,134.38,0,729.3134000000008
2021-04-08 12:15:00,134.39,0,731.7733999999986
2021-04-08 12:20:00,134.46,0,748.9934000000039
2021-04-08 12:25:00,134.54,0,768.6734
2021-04-08 12:30:00,134.5899,0,780.9488000000019
2021-04-08 12:35:00,134.56,0,773.5934000000025
2021-04-08 12:40:00,134.505,0,760.0634000000008
2021-04-08 12:45:00,134.4867,0,755.5616000000052
2021-04-08 12:50:00,134.46,0,748.9934000000039
2021-04-08 12:55:00,134.425,0,740.3834000000047
2021-04-08 13:00:00,134.36,-1,724.3934000000053
2021-04-08 13:05:00,134.34,-1,719.4934000000028
2021-04-08 13:10:00,134.245,-1,696.3134000000031
2021-04-08 13:15:00,134.26,-1,699.9583999999998
2021-04-08 13:20:00,134.3,-1,709.6384000000047
2021-04-08 13:25:00,134.25,-1,697.5884000000019
2021-04-08 13:30:00,134.2,-1,685.5883999999992
2021-04-08 13:35:00,134.2501,-1,697.5623000000027
2021-04-08 13:40:00,134.27,-1,702.2985000000043
2021-04-08 13:45:00,134.2879,-1,706.5408000000036
2021-04-08 13:50:00,134.31,-1,711.7564000000024
2021-04-08 13:55:00,134.2897,-1,706.9859000000043
2021-04-08 14:00:00,134.5199,0,760.8527000000036
2021-04-08 14:05:00,134.66,0,793.6361000000011
2021-04-08 14:10:00,134.635,0,787.7860999999998
2021-04-08 14:15:00,134.7,0,802.9960999999993
2021-04-08 14:20:00,134.62,0,784.276100000003
2021-04-08 14:25:00,134.635,0,787.7860999999998
2021-04-08 14:30:00,134.6697,0,795.9059000000034
2021-04-08 14:35:00,134.74,0,812.3561000000041
2021-04-08 14:40:00,134.835,0,834.5861000000039
2021-04-08 14:45:00,134.8,0,826.3961000000047
2021-04-08 14:50:00,134.94,0,859.1561000000015
2021-04-08 14:55:00,134.91,0,852.1361000000013
2021-04-08 15:00:00,134.895,0,848.6261000000045
2021-04-08 15:05:00,134.945,0,860.3261000000005
2021-04-08 15:10:00,134.87,0,842.7761000000031
2021-04-08 15:15:00,134.9,0,849.7961000000034
2021-04-08 15:20:00,134.93,0,856.8161000000036
2021-04-08 15:25:00,135.03,1,880.2161000000024
2021-04-08 15:30:00,134.9337,0,857.5855999999992
2021-04-08 15:35:00,134.9299,0,856.6926000000029
2021-04-08 15:40:00,134.85,0,837.9161000000008
2021-04-08 15:45:00,134.86,0,840.2661000000054
2021-04-08 15:50:00,134.905,0,850.8411000000025
2021-04-08 15:55:00,134.97,0,866.116100000002
2021-04-08 16:00:00,135.12,1,901.3661000000034
2021-04-08 16:05:00,135.12,1,901.3661000000034
2021-04-08 16:10:00,135.12,1,901.3661000000034
2021-04-08 16:15:00,135.13,1,903.7461000000012
2021-04-08 16:25:00,135.12,1,901.3561000000034
2021-04-08 16:40:00,135.37,1,961.3561000000034
2021-04-08 16:55:00,135.36,1,958.9461000000056
2021-04-08 17:20:00,135.25,1,932.3261000000023
2021-04-08 17:40:00,135.25,1,932.3261000000023
2021-04-08 19:30:00,135.21,1,922.5661000000042
2021-04-08 19:35:00,135.25,1,932.3661000000022
2021-04-09 06:40:00,135.11,1,897.9261000000056
2021-04-09 06:45:00,135.12,1,900.3961000000033
2021-04-09 08:05:00,135.45,1,982.2360999999994
2021-04-09 08:35:00,135.25,1,932.4361000000022
2021-04-09 08:40:00,135.19,1,917.4361000000016
2021-04-09 08:45:00,135.18,1,914.9261000000039
2021-04-09 08:50:00,135.12,1,899.8061000000033
2021-04-09 09:15:00,135.12,1,899.8061000000033
2021-04-09 09:30:00,134.75,0,805.8261000000022
2021-04-09 09:35:00,135.23,1,927.7460999999996
2021-04-09 09:40:00,135.335,1,954.5211000000043
2021-04-09 09:45:00,135.11,1,896.9211000000057
2021-04-09 09:50:00,135.03,0,876.3611000000025
2021-04-09 09:55:00,135.2029,1,920.7964000000021
2021-04-09 10:00:00,135.12,1,899.4082000000034
2021-04-09 10:05:00,135.28,1,940.8482000000025
2021-04-09 10:10:00,135.15,1,907.0482000000037
2021-04-09 10:15:00,135.25,1,933.1482000000022
2021-04-09 10:20:00,135.06,0,883.3682000000028
2021-04-09 10:25:00,135.16,1,909.5682000000013
2021-04-09 10:30:00,135.2,1,920.0881999999992
2021-04-09 10:35:00,135.08,0,888.4082000000055
2021-04-09 10:40:00,135.09,0,891.0482000000031
2021-04-09 10:45:00,135.045,0,879.1681999999989
2021-04-09 10:50:00,134.965,0,858.0482000000031
2021-04-09 10:55:00,134.975,0,860.6882000000007
2021-04-09 11:00:00,135.04,0,877.8482000000001
2021-04-09 11:05:00,134.97,0,859.3682000000019
2021-04-09 11:10:00,134.97,0,859.3682000000019
2021-04-09 11:15:00,135.04,0,877.8482000000001
2021-04-09 11:20:00,134.9601,0,856.7546000000052
2021-04-09 11:25:00,134.845,0,826.3682000000019
2021-04-09 11:30:00,134.9632,0,857.5730000000024
2021-04-09 11:35:00,135.11,0,896.3282000000058
2021-04-09 11:40:00,135.14,0,904.2481999999986
2021-04-09 11:45:00,135.05,0,880.4882000000052
2021-04-09 11:50:00,135.02,0,872.5682000000049
2021-04-09 11:55:00,135.135,0,902.9281999999998
2021-04-09 12:00:00,134.985,0,863.3282000000058
2021-04-09 12:05:00,134.985,0,863.3282000000058
2021-04-09 12:10:00,134.95,0,854.0881999999992
2021-04-09 12:15:00,135.0982,0,893.213
2021-04-09 12:20:00,135.0934,0,891.9458000000029
2021-04-09 12:25:00,135.005,0,868.608200000001
2021-04-09 12:30:00,135.0,0,867.2882000000022
2021-04-09 12:35:00,135.0,0,867.2882000000022
2021-04-09 12:40:00,134.975,0,860.6882000000007
2021-04-09 12:45:00,135.07,0,885.7682000000004
2021-04-09 12:50:00,135.1,0,893.6882000000007
2021-04-09 12:55:00,135.07,0,885.7682000000004
2021-04-09 13:00:00,135.11,0,896.3282000000058
2021-04-09 13:05:00,135.09,0,891.0482000000031
2021-04-09 13:10:00,135.0785,0,888.0121999999999
2021-04-09 13:15:00,135.09,0,891.0482000000031
2021-04-09 13:20:00,134.975,0,860.6882000000007
2021-04-09 13:25:00,134.87,0,832.9682000000034
2021-04-09 13:30:00,134.92,0,846.1681999999989
2021-04-09 13:35:00,134.94,0,851.4482000000016
2021-04-09 13:40:00,134.98,0,862.0081999999995
2021-04-09 13:45:00,135.08,0,888.4082000000055
2021-04-09 13:50:00,135.115,0,897.6482000000046
2021-04-09 13:55:00,135.06,0,883.1282000000028
2021-04-09 14:00:00,135.07,0,885.7682000000004
2021-04-09 14:05:00,135.13,0,901.608200000001
2021-04-09 14:10:00,135.1,0,893.6882000000007
2021-04-09 14:15:00,135.09,0,891.0482000000031
2021-04-09 14:20:00,135.15,0,906.8882000000037
2021-04-09 14:25:00,135.15,0,906.8882000000037
2021-04-09 14:30:00,135.185,0,916.1282000000028
2021-04-09 14:35:00,135.1775,0,914.1482000000046
2021-04-09 14:40:00,135.11,0,896.3282000000058
2021-04-09 14:45:00,135.17,0,912.1681999999989
2021-04-09 14:50:00,135.21,1,922.7282000000043
2021-04-09 14:55:00,135.275,1,939.9532000000038
2021-04-09 15:00:00,135.23,1,927.9831999999996
2021-04-09 15:05:00,135.23,1,927.9831999999996
2021-04-09 15:10:00,135.29,1,944.0632000000002
2021-04-09 15:15:00,135.22,1,925.233200000002
2021-04-09 15:20:00,135.27,1,938.733200000005
2021-04-09 15:25:00,135.34,1,957.7032000000031
2021-04-09 15:30:00,135.4,1,974.0232000000037
2021-04-09 15:35:00,135.45,1,987.673199999999
2021-04-09 15:40:00,135.61,1,1031.5132000000058
2021-04-09 15:45:00,135.475,1,994.3882000000004
2021-04-09 15:50:00,135.48,1,995.7681999999992
2021-04-09 15:55:00,135.51,1,1004.0781999999995
2021-04-09 16:00:00,135.73,1,1065.238199999999
2021-04-09 16:05:00,135.55,1,1015.0182000000051
2021-04-09 16:10:00,135.4,1,973.0182000000035
2021-04-09 16:15:00,135.62,1,1034.838200000003
2021-04-09 16:20:00,135.65,1,1043.2982000000034
2021-04-09 16:25:00,135.65,1,1043.2982000000034
2021-04-09 16:40:00,135.67,1,1048.9781999999982
2021-04-09 16:45:00,135.67,1,1048.9781999999982
2021-04-09 16:50:00,135.45,1,986.0581999999986
2021-04-09 18:25:00,135.31,0,945.8782000000025
