datetime,price
2021-03-12 04:20:00,126.3
2021-03-12 04:35:00,126.5
2021-03-12 05:10:00,126.01
2021-03-12 06:30:00,127.09
2021-03-12 06:40:00,127.0
2021-03-12 07:15:00,126.8
2021-03-12 08:05:00,127.05
2021-03-12 08:20:00,127.0
2021-03-12 08:45:00,127.3299
2021-03-12 08:55:00,127.08
2021-03-12 09:00:00,127.0036
2021-03-12 09:05:00,127.01
2021-03-12 09:10:00,127.01
2021-03-12 09:15:00,127.0
2021-03-12 09:20:00,127.1
2021-03-12 09:35:00,127.3
2021-03-12 09:40:00,127.374
2021-03-12 09:45:00,126.835
2021-03-12 09:50:00,127.04
2021-03-12 09:55:00,127.07
2021-03-12 10:00:00,126.935
2021-03-12 10:05:00,126.99
2021-03-12 10:10:00,126.985
2021-03-12 10:15:00,126.99
2021-03-12 10:20:00,127.15
2021-03-12 10:25:00,127.13
2021-03-12 10:30:00,127.16
2021-03-12 10:35:00,127.05
2021-03-12 10:40:00,127.16
2021-03-12 10:45:00,127.11
2021-03-12 10:50:00,127.08
2021-03-12 10:55:00,126.73
2021-03-12 11:00:00,127.0948
2021-03-12 11:05:00,127.0
2021-03-12 11:10:00,127.03
2021-03-12 11:15:00,127.19
2021-03-12 11:20:00,127.1
2021-03-12 11:25:00,127.08
2021-03-12 11:30:00,127.29
2021-03-12 11:35:00,127.26
2021-03-12 11:40:00,127.14
2021-03-12 11:45:00,127.08
2021-03-12 11:50:00,127.08
2021-03-12 11:55:00,126.94
2021-03-12 12:00:00,127.0612
2021-03-12 12:05:00,127.07
2021-03-12 12:10:00,127.06
2021-03-12 12:15:00,127.145
2021-03-12 12:20:00,127.2622
2021-03-12 12:25:00,127.1551
2021-03-12 12:30:00,127.16
2021-03-12 12:35:00,127.02
2021-03-12 12:40:00,127.02
2021-03-12 12:45:00,126.9928
2021-03-12 12:50:00,127.03
2021-03-12 12:55:00,127.091
2021-03-12 13:00:00,127.04
2021-03-12 13:05:00,126.97
2021-03-12 13:10:00,127.11
2021-03-12 13:15:00,127.05
2021-03-12 13:20:00,127.1
2021-03-12 13:25:00,127.23
2021-03-12 13:30:00,127.22
2021-03-12 13:35:00,127.1198
2021-03-12 13:40:00,127.16
2021-03-12 13:45:00,127.155
2021-03-12 13:50:00,127.2
2021-03-12 13:55:00,127.255
2021-03-12 14:00:00,127.22
2021-03-12 14:05:00,127.2778
2021-03-12 14:10:00,127.39
2021-03-12 14:15:00,127.3902
2021-03-12 14:20:00,127.405
2021-03-12 14:25:00,127.44
2021-03-12 14:30:00,127.36
2021-03-12 14:35:00,127.31
2021-03-12 14:40:00,127.34
2021-03-12 14:45:00,127.38
2021-03-12 14:50:00,127.37
2021-03-12 14:55:00,127.38
2021-03-12 15:00:00,127.4
2021-03-12 15:05:00,127.37
2021-03-12 15:10:00,127.22
2021-03-12 15:15:00,127.165
2021-03-12 15:20:00,127.15
2021-03-12 15:25:00,127.13
2021-03-12 15:30:00,127.039
2021-03-12 15:35:00,127.185
2021-03-12 15:40:00,127.425
2021-03-12 15:45:00,127.3788
2021-03-12 15:50:00,127.44
2021-03-12 15:55:00,127.34
2021-03-12 16:00:00,127.61
2021-03-12 16:05:00,127.61
2021-03-12 16:15:00,127.61
2021-03-12 16:30:00,127.62
2021-03-12 16:35:00,127.75
2021-03-12 16:40:00,127.75
2021-03-12 18:15:00,127.62
2021-03-15 04:55:00,128.0
2021-03-15 06:05:00,128.2
2021-03-15 06:10:00,127.79
2021-03-15 07:20:00,127.84
2021-03-15 07:50:00,127.51
2021-03-15 08:05:00,127.8317
2021-03-15 08:30:00,127.84
2021-03-15 08:40:00,127.52
2021-03-15 08:50:00,127.83
2021-03-15 09:05:00,127.85
2021-03-15 09:25:00,128.0
2021-03-15 09:30:00,128.0
2021-03-15 09:35:00,128.53
2021-03-15 09:40:00,128.665
2021-03-15 09:45:00,128.35
2021-03-15 09:50:00,128.1847
2021-03-15 09:55:00,127.91
2021-03-15 10:00:00,128.0
2021-03-15 10:05:00,127.75
2021-03-15 10:10:00,127.6025
2021-03-15 10:15:00,127.71
2021-03-15 10:20:00,127.815
2021-03-15 10:25:00,127.96
2021-03-15 10:30:00,127.985
2021-03-15 10:35:00,127.9
2021-03-15 10:40:00,128.12
2021-03-15 10:45:00,128.14
2021-03-15 10:50:00,127.9853
2021-03-15 10:55:00,128.12
2021-03-15 11:00:00,128.19
2021-03-15 11:05:00,128.39
2021-03-15 11:10:00,128.32
2021-03-15 11:15:00,128.33
2021-03-15 11:20:00,128.35
2021-03-15 11:25:00,128.42
2021-03-15 11:30:00,128.28
2021-03-15 11:35:00,128.12
2021-03-15 11:40:00,128.09
2021-03-15 11:45:00,128.1098
2021-03-15 11:50:00,128.01
2021-03-15 11:55:00,127.99
2021-03-15 12:00:00,127.9778
2021-03-15 12:05:00,128.01
2021-03-15 12:10:00,127.92
2021-03-15 12:15:00,128.08
2021-03-15 12:20:00,127.89
2021-03-15 12:25:00,127.88
2021-03-15 12:30:00,127.82
2021-03-15 12:35:00,128.075
2021-03-15 12:40:00,127.96
2021-03-15 12:45:00,128.0419
2021-03-15 12:50:00,128.06
2021-03-15 12:55:00,128.06
2021-03-15 13:00:00,128.01
2021-03-15 13:05:00,127.85
2021-03-15 13:10:00,127.855
2021-03-15 13:15:00,127.89
2021-03-15 13:20:00,127.89
2021-03-15 13:25:00,127.94
2021-03-15 13:30:00,127.9353
2021-03-15 13:35:00,127.94
2021-03-15 13:40:00,127.94
2021-03-15 13:45:00,128.0423
2021-03-15 13:50:00,127.99
2021-03-15 13:55:00,128.0
2021-03-15 14:00:00,128.04
2021-03-15 14:05:00,128.07
2021-03-15 14:10:00,128.14
2021-03-15 14:15:00,128.22
2021-03-15 14:20:00,128.275
2021-03-15 14:25:00,128.37
2021-03-15 14:30:00,128.36
2021-03-15 14:35:00,128.35
2021-03-15 14:40:00,128.29
2021-03-15 14:45:00,128.27
2021-03-15 14:50:00,128.18
2021-03-15 14:55:00,128.185
2021-03-15 15:00:00,128.205
2021-03-15 15:05:00,128.14
2021-03-15 15:10:00,128.16
2021-03-15 15:15:00,128.045
2021-03-15 15:20:00,128.12
2021-03-15 15:25:00,128.18
2021-03-15 15:30:00,128.12
2021-03-15 15:35:00,128.03
2021-03-15 15:40:00,127.965
2021-03-15 15:45:00,128.085
2021-03-15 15:50:00,128.2547
2021-03-15 15:55:00,128.39
2021-03-15 16:00:00,128.58
2021-03-15 16:05:00,128.58
2021-03-15 16:10:00,128.58
2021-03-15 16:15:00,128.58
2021-03-15 16:25:00,128.6
2021-03-15 17:10:00,128.84
2021-03-15 17:15:00,128.59
2021-03-15 18:05:00,128.6
2021-03-15 18:40:00,128.58
2021-03-16 06:20:00,128.58
2021-03-16 07:20:00,128.57
2021-03-16 07:25:00,128.58
2021-03-16 08:10:00,128.74
2021-03-16 08:35:00,128.65
2021-03-16 08:45:00,128.58
2021-03-16 09:25:00,128.28
2021-03-16 09:35:00,127.735
2021-03-16 09:40:00,127.731
2021-03-16 09:45:00,127.52
2021-03-16 09:50:00,127.68
2021-03-16 09:55:00,128.015
2021-03-16 10:00:00,127.93
2021-03-16 10:05:00,127.645
2021-03-16 10:10:00,127.5967
2021-03-16 10:15:00,127.77
2021-03-16 10:20:00,127.9
2021-03-16 10:25:00,127.56
2021-03-16 10:30:00,127.4642
2021-03-16 10:35:00,127.52
2021-03-16 10:40:00,127.7475
2021-03-16 10:45:00,127.57
2021-03-16 10:50:00,127.67
2021-03-16 10:55:00,127.6501
2021-03-16 11:00:00,127.746
2021-03-16 11:05:00,127.7858
2021-03-16 11:10:00,127.8124
2021-03-16 11:15:00,127.9456
2021-03-16 11:20:00,128.195
2021-03-16 11:25:00,128.04
2021-03-16 11:30:00,128.08
2021-03-16 11:35:00,127.96
2021-03-16 11:40:00,128.08
2021-03-16 11:45:00,127.87
2021-03-16 11:50:00,127.79
2021-03-16 11:55:00,127.77
2021-03-16 12:00:00,127.8208
2021-03-16 12:05:00,127.795
2021-03-16 12:10:00,128.07
2021-03-16 12:15:00,128.035
2021-03-16 12:20:00,127.92
2021-03-16 12:25:00,127.9
2021-03-16 12:30:00,128.0
2021-03-16 12:35:00,127.96
2021-03-16 12:40:00,128.03
2021-03-16 12:45:00,128.11
2021-03-16 12:50:00,128.15
2021-03-16 12:55:00,128.23
2021-03-16 13:00:00,128.27
2021-03-16 13:05:00,128.32
2021-03-16 13:10:00,128.28
2021-03-16 13:15:00,128.24
2021-03-16 13:20:00,128.26
2021-03-16 13:25:00,128.18
2021-03-16 13:30:00,128.1257
2021-03-16 13:35:00,128.11
2021-03-16 13:40:00,127.91
2021-03-16 13:45:00,127.86
2021-03-16 13:50:00,127.93
2021-03-16 13:55:00,127.995
2021-03-16 14:00:00,127.99
2021-03-16 14:05:00,128.05
2021-03-16 14:10:00,128.05
2021-03-16 14:15:00,127.935
2021-03-16 14:20:00,128.08
2021-03-16 14:25:00,127.945
2021-03-16 14:30:00,127.92
2021-03-16 14:35:00,128.0938
2021-03-16 14:40:00,128.035
2021-03-16 14:45:00,128.01
2021-03-16 14:50:00,128.08
2021-03-16 14:55:00,128.12
2021-03-16 15:00:00,128.27
2021-03-16 15:05:00,128.35
2021-03-16 15:10:00,128.37
2021-03-16 15:15:00,128.265
2021-03-16 15:20:00,128.275
2021-03-16 15:25:00,128.34
2021-03-16 15:30:00,128.24
2021-03-16 15:35:00,128.36
2021-03-16 15:40:00,128.42
2021-03-16 15:45:00,128.28
2021-03-16 15:50:00,128.29
2021-03-16 15:55:00,128.38
2021-03-16 16:00:00,128.27
2021-03-16 16:05:00,128.36
2021-03-16 16:10:00,128.24
2021-03-16 16:15:00,128.24
2021-03-16 16:35:00,128.0
2021-03-16 16:50:00,128.0
2021-03-16 17:15:00,128.4
2021-03-16 17:25:00,128.2
2021-03-16 17:40:00,128.44
2021-03-16 18:00:00,128.24
2021-03-17 07:15:00,128.0
2021-03-17 07:35:00,128.0
2021-03-17 08:00:00,127.94
2021-03-17 08:05:00,128.05
2021-03-17 08:10:00,128.06
2021-03-17 08:15:00,128.06
2021-03-17 08:30:00,128.22
2021-03-17 08:35:00,127.57
2021-03-17 08:45:00,128.0
2021-03-17 09:00:00,128.1
2021-03-17 09:05:00,128.11
2021-03-17 09:20:00,128.31
2021-03-17 09:25:00,127.91
2021-03-17 09:30:00,128.8
2021-03-17 09:35:00,128.461
2021-03-17 09:40:00,128.6989
2021-03-17 09:45:00,129.262
2021-03-17 09:50:00,128.82
2021-03-17 09:55:00,128.11
2021-03-17 10:00:00,127.89
2021-03-17 10:05:00,127.664
2021-03-17 10:10:00,128.04
2021-03-17 10:15:00,127.8
2021-03-17 10:20:00,128.0
2021-03-17 10:25:00,128.07
2021-03-17 10:30:00,128.59
2021-03-17 10:35:00,128.353
2021-03-17 10:40:00,128.17
2021-03-17 10:45:00,128.075
2021-03-17 10:50:00,128.13
2021-03-17 10:55:00,128.1344
2021-03-17 11:00:00,127.99
2021-03-17 11:05:00,128.14
2021-03-17 11:10:00,128.38
2021-03-17 11:15:00,128.3699
2021-03-17 11:20:00,128.32
2021-03-17 11:25:00,128.54
2021-03-17 11:30:00,128.6
2021-03-17 11:35:00,128.46
2021-03-17 11:40:00,128.42
2021-03-17 11:45:00,128.58
2021-03-17 11:50:00,128.755
2021-03-17 11:55:00,128.77
2021-03-17 12:00:00,128.69
2021-03-17 12:05:00,128.71
2021-03-17 12:10:00,128.72
2021-03-17 12:15:00,128.66
2021-03-17 12:20:00,128.65
2021-03-17 12:25:00,128.5022
2021-03-17 12:30:00,128.58
2021-03-17 12:35:00,128.63
2021-03-17 12:40:00,128.56
2021-03-17 12:45:00,128.4822
2021-03-17 12:50:00,128.53
2021-03-17 12:55:00,128.54
2021-03-17 13:00:00,128.57
2021-03-17 13:05:00,128.5
2021-03-17 13:10:00,128.38
2021-03-17 13:15:00,128.46
2021-03-17 13:20:00,128.46
2021-03-17 13:25:00,128.44
2021-03-17 13:30:00,128.46
2021-03-17 13:35:00,128.54
2021-03-17 13:40:00,128.55
2021-03-17 13:45:00,128.7
2021-03-17 13:50:00,128.61
2021-03-17 13:55:00,128.5045
2021-03-17 14:00:00,128.61
2021-03-17 14:05:00,129.045
2021-03-17 14:10:00,128.99
2021-03-17 14:15:00,128.96
2021-03-17 14:20:00,128.85
2021-03-17 14:25:00,128.9
2021-03-17 14:30:00,128.81
2021-03-17 14:35:00,128.72
2021-03-17 14:40:00,128.95
2021-03-17 14:45:00,128.91
2021-03-17 14:50:00,128.81
2021-03-17 14:55:00,128.875
2021-03-17 15:00:00,128.66
2021-03-17 15:05:00,128.6355
2021-03-17 15:10:00,128.6
2021-03-17 15:15:00,128.51
2021-03-17 15:20:00,128.43
2021-03-17 15:25:00,128.49
2021-03-17 15:30:00,128.46
2021-03-17 15:35:00,128.64
2021-03-17 15:40:00,128.7448
2021-03-17 15:45:00,128.59
2021-03-17 15:50:00,128.7
2021-03-17 15:55:00,128.845
2021-03-17 16:00:00,129.03
2021-03-17 16:05:00,129.03
2021-03-17 16:35:00,128.51
2021-03-17 16:50:00,129.03
2021-03-17 17:15:00,129.05
2021-03-17 17:25:00,128.53
2021-03-17 19:20:00,129.1
2021-03-17 19:35:00,129.0
2021-03-17 19:50:00,129.05
2021-03-17 19:55:00,129.1
2021-03-17 20:00:00,129.1
2021-03-18 04:55:00,127.11
2021-03-18 06:35:00,129.0
2021-03-18 08:05:00,129.0
2021-03-18 08:40:00,128.68
2021-03-18 08:55:00,129.0
2021-03-18 09:10:00,128.5501
2021-03-18 09:25:00,128.72
2021-03-18 09:30:00,129.06
2021-03-18 09:35:00,129.64
2021-03-18 09:40:00,129.88
2021-03-18 09:45:00,130.05
2021-03-18 09:50:00,129.455
2021-03-18 09:55:00,129.55
2021-03-18 10:00:00,129.57
2021-03-18 10:05:00,129.61
2021-03-18 10:10:00,129.73
2021-03-18 10:15:00,129.805
2021-03-18 10:20:00,129.81
2021-03-18 10:25:00,129.82
2021-03-18 10:30:00,129.64
2021-03-18 10:35:00,129.8103
2021-03-18 10:40:00,129.75
2021-03-18 10:45:00,129.83
2021-03-18 10:50:00,129.84
2021-03-18 10:55:00,129.77
2021-03-18 11:00:00,129.88
2021-03-18 11:05:00,129.985
2021-03-18 11:10:00,130.065
2021-03-18 11:15:00,130.1911
2021-03-18 11:20:00,130.43
2021-03-18 11:25:00,130.6599
2021-03-18 11:30:00,130.4801
2021-03-18 11:35:00,130.525
2021-03-18 11:40:00,130.58
2021-03-18 11:45:00,130.315
2021-03-18 11:50:00,130.275
2021-03-18 11:55:00,130.47
2021-03-18 12:00:00,130.54
2021-03-18 12:05:00,130.81
2021-03-18 12:10:00,130.81
2021-03-18 12:15:00,130.88
2021-03-18 12:20:00,130.88
2021-03-18 12:25:00,130.89
2021-03-18 12:30:00,130.97
2021-03-18 12:35:00,130.7255
2021-03-18 12:40:00,130.68
2021-03-18 12:45:00,130.73
2021-03-18 12:50:00,130.7052
2021-03-18 12:55:00,130.8596
2021-03-18 13:00:00,130.73
2021-03-18 13:05:00,130.791
2021-03-18 13:10:00,130.7701
2021-03-18 13:15:00,130.75
2021-03-18 13:20:00,130.8214
2021-03-18 13:25:00,130.87
2021-03-18 13:30:00,130.86
2021-03-18 13:35:00,130.83
2021-03-18 13:40:00,130.75
2021-03-18 13:45:00,130.85
2021-03-18 13:50:00,130.82
2021-03-18 13:55:00,130.8919
2021-03-18 14:00:00,130.86
2021-03-18 14:05:00,130.83
2021-03-18 14:10:00,130.833
2021-03-18 14:15:00,130.79
2021-03-18 14:20:00,130.68
2021-03-18 14:25:00,130.73
2021-03-18 14:30:00,130.69
2021-03-18 14:35:00,130.52
2021-03-18 14:40:00,130.37
2021-03-18 14:45:00,130.28
2021-03-18 14:50:00,130.555
2021-03-18 14:55:00,130.55
2021-03-18 15:00:00,130.48
2021-03-18 15:05:00,130.295
2021-03-18 15:10:00,130.27
2021-03-18 15:15:00,130.32
2021-03-18 15:20:00,130.34
2021-03-18 15:25:00,130.24
2021-03-18 15:30:00,130.4
2021-03-18 15:35:00,130.03
2021-03-18 15:40:00,130.04
2021-03-18 15:45:00,129.91
2021-03-18 15:50:00,129.795
2021-03-18 15:55:00,129.97
2021-03-18 16:00:00,130.07
2021-03-18 16:05:00,130.06
2021-03-18 16:10:00,130.1
2021-03-18 16:15:00,130.75
2021-03-18 16:45:00,130.22
2021-03-18 16:55:00,130.07
2021-03-18 17:00:00,130.0
2021-03-18 17:05:00,130.08
2021-03-18 17:20:00,130.29
2021-03-18 17:25:00,130.4
2021-03-18 17:45:00,130.49
2021-03-18 17:50:00,130.3
2021-03-18 18:25:00,130.12
2021-03-18 19:00:00,130.13
2021-03-18 19:05:00,130.13
2021-03-18 19:45:00,130.06
2021-03-18 20:00:00,130.06
2021-03-19 04:05:00,130.0
2021-03-19 05:45:00,130.06
2021-03-19 06:00:00,130.06
2021-03-19 06:20:00,130.08
2021-03-19 06:35:00,130.08
2021-03-19 08:05:00,130.0
2021-03-19 08:25:00,130.18
2021-03-19 08:30:00,130.0
2021-03-19 08:50:00,130.14
2021-03-19 09:05:00,129.4873
2021-03-19 09:10:00,130.0
2021-03-19 09:15:00,129.99
2021-03-19 09:30:00,129.96
2021-03-19 09:35:00,129.91
2021-03-19 09:40:00,129.4829
2021-03-19 09:45:00,129.605
2021-03-19 09:50:00,129.67
2021-03-19 09:55:00,129.78
2021-03-19 10:00:00,129.69
2021-03-19 10:05:00,129.48
2021-03-19 10:10:00,129.6
2021-03-19 10:15:00,129.63
2021-03-19 10:20:00,129.69
2021-03-19 10:25:00,129.695
2021-03-19 10:30:00,129.425
2021-03-19 10:35:00,129.11
2021-03-19 10:40:00,129.08
2021-03-19 10:45:00,129.31
2021-03-19 10:50:00,129.43
2021-03-19 10:55:00,129.79
2021-03-19 11:00:00,129.63
2021-03-19 11:05:00,129.38
2021-03-19 11:10:00,129.43
2021-03-19 11:15:00,129.4
2021-03-19 11:20:00,129.28
2021-03-19 11:25:00,129.42
2021-03-19 11:30:00,129.2
2021-03-19 11:35:00,129.585
2021-03-19 11:40:00,129.7059
2021-03-19 11:45:00,129.82
2021-03-19 11:50:00,129.91
2021-03-19 11:55:00,129.97
2021-03-19 12:00:00,130.16
2021-03-19 12:05:00,130.31
2021-03-19 12:10:00,130.215
2021-03-19 12:15:00,130.17
2021-03-19 12:20:00,130.24
2021-03-19 12:25:00,130.165
2021-03-19 12:30:00,130.19
2021-03-19 12:35:00,130.14
2021-03-19 12:40:00,130.06
2021-03-19 12:45:00,130.39
2021-03-19 12:50:00,130.27
2021-03-19 12:55:00,130.24
2021-03-19 13:00:00,130.16
2021-03-19 13:05:00,130.12
2021-03-19 13:10:00,130.08
2021-03-19 13:15:00,130.07
2021-03-19 13:20:00,130.1
2021-03-19 13:25:00,130.145
2021-03-19 13:30:00,130.165
2021-03-19 13:35:00,130.05
2021-03-19 13:40:00,130.08
2021-03-19 13:45:00,130.07
2021-03-19 13:50:00,130.31
2021-03-19 13:55:00,130.27
2021-03-19 14:00:00,130.315
2021-03-19 14:05:00,130.3
2021-03-19 14:10:00,130.2
2021-03-19 14:15:00,130.17
2021-03-19 14:20:00,130.11
2021-03-19 14:25:00,130.0501
2021-03-19 14:30:00,130.15
2021-03-19 14:35:00,130.09
2021-03-19 14:40:00,130.01
2021-03-19 14:45:00,130.01
2021-03-19 14:50:00,130.0462
2021-03-19 14:55:00,129.89
2021-03-19 15:00:00,130.0
2021-03-19 15:05:00,129.64
2021-03-19 15:10:00,129.6
2021-03-19 15:15:00,129.66
2021-03-19 15:20:00,129.5782
2021-03-19 15:25:00,129.42
2021-03-19 15:30:00,129.53
2021-03-19 15:35:00,129.51
2021-03-19 15:40:00,129.15
2021-03-19 15:45:00,129.06
2021-03-19 15:50:00,129.045
2021-03-19 15:55:00,128.73
2021-03-19 16:00:00,128.9
2021-03-19 16:05:00,128.9
2021-03-19 16:10:00,128.9
2021-03-19 16:20:00,128.8
2021-03-19 16:25:00,128.76
2021-03-19 16:30:00,128.85
2021-03-19 16:35:00,128.85
2021-03-19 16:40:00,128.85
2021-03-19 16:50:00,129.0
2021-03-19 16:55:00,129.14
2021-03-19 17:05:00,128.86
2021-03-19 17:30:00,128.9
2021-03-19 18:50:00,128.9
2021-03-22 06:40:00,128.58
2021-03-22 07:05:00,129.19
2021-03-22 08:05:00,129.03
2021-03-22 08:20:00,129.25
2021-03-22 08:40:00,128.9
2021-03-22 09:00:00,128.75
2021-03-22 09:30:00,128.4
2021-03-22 09:35:00,128.25
2021-03-22 09:40:00,128.19
2021-03-22 09:45:00,128.57
2021-03-22 09:50:00,129.01
2021-03-22 09:55:00,129.2
2021-03-22 10:00:00,129.1267
2021-03-22 10:05:00,128.985
2021-03-22 10:10:00,129.04
2021-03-22 10:15:00,129.39
2021-03-22 10:20:00,129.33
2021-03-22 10:25:00,129.35
2021-03-22 10:30:00,129.3798
2021-03-22 10:35:00,129.54
2021-03-22 10:40:00,129.64
2021-03-22 10:45:00,129.6
2021-03-22 10:50:00,129.56
2021-03-22 10:55:00,129.69
2021-03-22 11:00:00,129.75
2021-03-22 11:05:00,129.47
2021-03-22 11:10:00,129.54
2021-03-22 11:15:00,129.32
2021-03-22 11:20:00,129.3903
2021-03-22 11:25:00,129.3
2021-03-22 11:30:00,129.4643
2021-03-22 11:35:00,129.5788
2021-03-22 11:40:00,129.63
2021-03-22 11:45:00,129.78
2021-03-22 11:50:00,129.675
2021-03-22 11:55:00,129.669
2021-03-22 12:00:00,129.75
2021-03-22 12:05:00,129.75
2021-03-22 12:10:00,129.81
2021-03-22 12:15:00,129.89
2021-03-22 12:20:00,130.02
2021-03-22 12:25:00,129.99
2021-03-22 12:30:00,130.06
2021-03-22 12:35:00,130.0667
2021-03-22 12:40:00,130.2306
2021-03-22 12:45:00,130.25
2021-03-22 12:50:00,130.08
2021-03-22 12:55:00,130.17
2021-03-22 13:00:00,130.1773
2021-03-22 13:05:00,130.12
2021-03-22 13:10:00,130.07
2021-03-22 13:15:00,130.06
2021-03-22 13:20:00,130.18
2021-03-22 13:25:00,130.2
2021-03-22 13:30:00,130.17
2021-03-22 13:35:00,130.25
2021-03-22 13:40:00,130.1415
2021-03-22 13:45:00,130.17
2021-03-22 13:50:00,130.19
2021-03-22 13:55:00,130.14
2021-03-22 14:00:00,130.15
2021-03-22 14:05:00,130.17
2021-03-22 14:10:00,130.36
2021-03-22 14:15:00,130.27
2021-03-22 14:20:00,130.31
2021-03-22 14:25:00,130.305
2021-03-22 14:30:00,130.41
2021-03-22 14:35:00,130.46
2021-03-22 14:40:00,130.577
2021-03-22 14:45:00,130.52
2021-03-22 14:50:00,130.62
2021-03-22 14:55:00,130.6001
2021-03-22 15:00:00,130.51
2021-03-22 15:05:00,130.62
2021-03-22 15:10:00,130.66
2021-03-22 15:15:00,130.68
2021-03-22 15:20:00,130.615
2021-03-22 15:25:00,130.49
2021-03-22 15:30:00,130.33
2021-03-22 15:35:00,130.25
2021-03-22 15:40:00,130.42
2021-03-22 15:45:00,130.145
2021-03-22 15:50:00,130.14
2021-03-22 15:55:00,130.29
2021-03-22 16:00:00,130.55
2021-03-22 16:05:00,130.55
2021-03-22 16:10:00,129.76
2021-03-22 16:20:00,130.49
2021-03-22 16:30:00,130.55
2021-03-22 16:40:00,130.29
2021-03-22 17:00:00,130.72
2021-03-22 17:10:00,130.25
2021-03-22 17:15:00,130.3
2021-03-22 18:30:00,130.32
2021-03-22 18:35:00,130.35
2021-03-22 19:10:00,130.36
2021-03-22 19:40:00,130.36
2021-03-23 08:05:00,130.0
2021-03-23 08:15:00,130.01
2021-03-23 08:20:00,130.54
2021-03-23 08:35:00,130.45
2021-03-23 08:50:00,130.31
2021-03-23 08:55:00,130.01
2021-03-23 09:05:00,130.1
2021-03-23 09:10:00,130.28
2021-03-23 09:20:00,130.44
2021-03-23 09:25:00,130.45
2021-03-23 09:30:00,130.74
2021-03-23 09:35:00,130.1318
2021-03-23 09:40:00,130.11
2021-03-23 09:45:00,130.21
2021-03-23 09:50:00,130.7
2021-03-23 09:55:00,130.87
2021-03-23 10:00:00,131.07
2021-03-23 10:05:00,131.08
2021-03-23 10:10:00,130.9
2021-03-23 10:15:00,131.0999
2021-03-23 10:20:00,131.2256
2021-03-23 10:25:00,131.2
2021-03-23 10:30:00,131.37
2021-03-23 10:35:00,131.345
2021-03-23 10:40:00,131.18
2021-03-23 10:45:00,131.1
2021-03-23 10:50:00,130.99
2021-03-23 10:55:00,131.17
2021-03-23 11:00:00,131.0484
2021-03-23 11:05:00,131.2689
2021-03-23 11:10:00,131.3868
2021-03-23 11:15:00,131.455
2021-03-23 11:20:00,131.43
2021-03-23 11:25:00,131.396
2021-03-23 11:30:00,131.535
2021-03-23 11:35:00,131.35
2021-03-23 11:40:00,131.1175
2021-03-23 11:45:00,131.02
2021-03-23 11:50:00,131.02
2021-03-23 11:55:00,131.1
2021-03-23 12:00:00,131.3
2021-03-23 12:05:00,131.2777
2021-03-23 12:10:00,131.255
2021-03-23 12:15:00,131.47
2021-03-23 12:20:00,131.34
2021-03-23 12:25:00,131.31
2021-03-23 12:30:00,131.26
2021-03-23 12:35:00,131.22
2021-03-23 12:40:00,131.226
2021-03-23 12:45:00,131.15
2021-03-23 12:50:00,131.27
2021-03-23 12:55:00,131.2849
2021-03-23 13:00:00,131.34
2021-03-23 13:05:00,131.48
2021-03-23 13:10:00,131.44
2021-03-23 13:15:00,131.37
2021-03-23 13:20:00,131.31
2021-03-23 13:25:00,131.28
2021-03-23 13:30:00,131.23
2021-03-23 13:35:00,131.11
2021-03-23 13:40:00,130.89
2021-03-23 13:45:00,130.73
2021-03-23 13:50:00,130.805
2021-03-23 13:55:00,130.78
2021-03-23 14:00:00,130.69
2021-03-23 14:05:00,130.6474
2021-03-23 14:10:00,130.73
2021-03-23 14:15:00,130.701
2021-03-23 14:20:00,130.7116
2021-03-23 14:25:00,130.795
2021-03-23 14:30:00,130.8
2021-03-23 14:35:00,130.98
2021-03-23 14:40:00,130.97
2021-03-23 14:45:00,130.95
2021-03-23 14:50:00,131.02
2021-03-23 14:55:00,130.96
2021-03-23 15:00:00,130.8897
2021-03-23 15:05:00,130.915
2021-03-23 15:10:00,130.775
2021-03-23 15:15:00,130.7
2021-03-23 15:20:00,130.65
2021-03-23 15:25:00,130.38
2021-03-23 15:30:00,130.25
2021-03-23 15:35:00,130.22
2021-03-23 15:40:00,130.15
2021-03-23 15:45:00,130.3294
2021-03-23 15:50:00,130.295
2021-03-23 15:55:00,130.5483
2021-03-23 16:00:00,130.46
2021-03-23 16:05:00,130.66
2021-03-23 16:10:00,130.46
2021-03-23 16:20:00,130.46
2021-03-23 16:50:00,130.4
2021-03-23 17:15:00,130.85
2021-03-23 17:25:00,130.8
2021-03-23 17:50:00,130.7499
2021-03-23 18:10:00,130.41
2021-03-23 19:35:00,130.4
2021-03-24 05:10:00,130.41
2021-03-24 07:20:00,130.76
2021-03-24 07:50:00,131.12
2021-03-24 08:05:00,130.75
2021-03-24 08:15:00,130.9
2021-03-24 08:20:00,130.98
2021-03-24 08:35:00,130.75
2021-03-24 08:45:00,130.79
2021-03-24 09:05:00,130.61
2021-03-24 09:10:00,130.98
2021-03-24 09:20:00,130.79
2021-03-24 09:35:00,131.07
2021-03-24 09:40:00,131.56
2021-03-24 09:45:00,131.61
2021-03-24 09:50:00,131.6
2021-03-24 09:55:00,131.39
2021-03-24 10:00:00,131.5109
2021-03-24 10:05:00,131.765
2021-03-24 10:10:00,131.87
2021-03-24 10:15:00,132.03
2021-03-24 10:20:00,131.791
2021-03-24 10:25:00,131.97
2021-03-24 10:30:00,131.96
2021-03-24 10:35:00,131.77
2021-03-24 10:40:00,131.73
2021-03-24 10:45:00,131.67
2021-03-24 10:50:00,131.83
2021-03-24 10:55:00,131.7733
2021-03-24 11:00:00,131.71
2021-03-24 11:05:00,131.56
2021-03-24 11:10:00,131.5
2021-03-24 11:15:00,131.6936
2021-03-24 11:20:00,131.5342
2021-03-24 11:25:00,131.44
2021-03-24 11:30:00,131.365
2021-03-24 11:35:00,131.39
2021-03-24 11:40:00,131.46
2021-03-24 11:45:00,131.5
2021-03-24 11:50:00,131.48
2021-03-24 11:55:00,131.49
2021-03-24 12:00:00,131.38
2021-03-24 12:05:00,131.56
2021-03-24 12:10:00,131.57
2021-03-24 12:15:00,131.53
2021-03-24 12:20:00,131.72
2021-03-24 12:25:00,131.705
2021-03-24 12:30:00,131.63
2021-03-24 12:35:00,131.5984
2021-03-24 12:40:00,131.7
2021-03-24 12:45:00,131.74
2021-03-24 12:50:00,131.58
2021-03-24 12:55:00,131.65
2021-03-24 13:00:00,131.69
2021-03-24 13:05:00,131.54
2021-03-24 13:10:00,131.41
2021-03-24 13:15:00,131.3166
2021-03-24 13:20:00,131.17
2021-03-24 13:25:00,131.24
2021-03-24 13:30:00,131.26
2021-03-24 13:35:00,131.22
2021-03-24 13:40:00,131.26
2021-03-24 13:45:00,131.17
2021-03-24 13:50:00,131.29
2021-03-24 13:55:00,131.4
2021-03-24 14:00:00,131.45
2021-03-24 14:05:00,131.42
2021-03-24 14:10:00,131.45
2021-03-24 14:15:00,131.37
2021-03-24 14:20:00,131.37
2021-03-24 14:25:00,131.37
2021-03-24 14:30:00,131.24
2021-03-24 14:35:00,131.19
2021-03-24 14:40:00,131.1901
2021-03-24 14:45:00,131.04
2021-03-24 14:50:00,131.16
2021-03-24 14:55:00,130.91
2021-03-24 15:00:00,130.93
2021-03-24 15:05:00,131.0
2021-03-24 15:10:00,131.0532
2021-03-24 15:15:00,130.98
2021-03-24 15:20:00,131.16
2021-03-24 15:25:00,131.015
2021-03-24 15:30:00,131.04
2021-03-24 15:35:00,130.895
2021-03-24 15:40:00,130.98
2021-03-24 15:45:00,130.9
2021-03-24 15:50:00,130.89
2021-03-24 15:55:00,130.78
2021-03-24 16:00:00,130.57
2021-03-24 16:05:00,131.14
2021-03-24 16:15:00,130.88
2021-03-24 16:20:00,130.46
2021-03-24 16:30:00,130.75
2021-03-24 16:35:00,130.99
2021-03-24 16:40:00,130.62
2021-03-24 16:45:00,130.75
2021-03-24 17:45:00,130.7
2021-03-24 18:00:00,130.8
2021-03-24 18:40:00,130.62
2021-03-24 18:50:00,130.63
2021-03-24 20:00:00,131.0
2021-03-25 08:05:00,130.0762
2021-03-25 08:10:00,129.9
2021-03-25 08:20:00,130.0
2021-03-25 08:35:00,130.56
2021-03-25 08:45:00,130.0
2021-03-25 08:55:00,130.02
2021-03-25 09:00:00,130.0
2021-03-25 09:05:00,130.0
2021-03-25 09:10:00,130.0
2021-03-25 09:15:00,130.0
2021-03-25 09:20:00,130.37
2021-03-25 09:25:00,130.01
2021-03-25 09:30:00,129.72
2021-03-25 09:35:00,130.59
2021-03-25 09:40:00,129.85
2021-03-25 09:45:00,129.8775
2021-03-25 09:50:00,130.0
2021-03-25 09:55:00,129.985
2021-03-25 10:00:00,130.11
2021-03-25 10:05:00,130.6
2021-03-25 10:10:00,130.725
2021-03-25 10:15:00,130.828
2021-03-25 10:20:00,130.92
2021-03-25 10:25:00,130.99
2021-03-25 10:30:00,131.11
2021-03-25 10:35:00,131.1
2021-03-25 10:40:00,131.21
2021-03-25 10:45:00,131.37
2021-03-25 10:50:00,131.47
2021-03-25 10:55:00,131.48
2021-03-25 11:00:00,131.89
2021-03-25 11:05:00,131.81
2021-03-25 11:10:00,132.0531
2021-03-25 11:15:00,132.21
2021-03-25 11:20:00,131.89
2021-03-25 11:25:00,131.93
2021-03-25 11:30:00,132.09
2021-03-25 11:35:00,132.17
2021-03-25 11:40:00,132.08
2021-03-25 11:45:00,131.93
2021-03-25 11:50:00,132.03
2021-03-25 11:55:00,132.21
2021-03-25 12:00:00,132.41
2021-03-25 12:05:00,132.02
2021-03-25 12:10:00,132.06
2021-03-25 12:15:00,132.07
2021-03-25 12:20:00,132.25
2021-03-25 12:25:00,132.3398
2021-03-25 12:30:00,132.4
2021-03-25 12:35:00,132.27
2021-03-25 12:40:00,132.393
2021-03-25 12:45:00,132.43
2021-03-25 12:50:00,132.43
2021-03-25 12:55:00,132.5
2021-03-25 13:00:00,132.64
2021-03-25 13:05:00,132.61
2021-03-25 13:10:00,132.65
2021-03-25 13:15:00,132.83
2021-03-25 13:20:00,132.85
2021-03-25 13:25:00,133.125
2021-03-25 13:30:00,133.0499
2021-03-25 13:35:00,132.8
2021-03-25 13:40:00,132.885
2021-03-25 13:45:00,133.1
2021-03-25 13:50:00,132.95
2021-03-25 13:55:00,132.84
2021-03-25 14:00:00,132.665
2021-03-25 14:05:00,132.53
2021-03-25 14:10:00,132.585
2021-03-25 14:15:00,132.82
2021-03-25 14:20:00,132.79
2021-03-25 14:25:00,132.74
2021-03-25 14:30:00,132.61
2021-03-25 14:35:00,132.6
2021-03-25 14:40:00,132.8373
2021-03-25 14:45:00,133.14
2021-03-25 14:50:00,132.99
2021-03-25 14:55:00,133.03
2021-03-25 15:00:00,132.95
2021-03-25 15:05:00,132.9721
2021-03-25 15:10:00,132.89
2021-03-25 15:15:00,133.06
2021-03-25 15:20:00,133.09
2021-03-25 15:25:00,133.08
2021-03-25 15:30:00,133.195
2021-03-25 15:35:00,133.175
2021-03-25 15:40:00,133.17
2021-03-25 15:45:00,132.95
2021-03-25 15:50:00,132.92
2021-03-25 15:55:00,133.08
2021-03-25 16:00:00,133.07
2021-03-25 16:05:00,133.07
2021-03-25 16:35:00,133.24
2021-03-25 17:35:00,133.28
2021-03-25 18:20:00,133.0
2021-03-25 18:35:00,133.0
2021-03-25 18:40:00,133.49
2021-03-25 18:50:00,133.4
2021-03-26 07:35:00,133.15
2021-03-26 07:50:00,133.36
2021-03-26 07:55:00,133.35
2021-03-26 08:05:00,133.47
2021-03-26 08:10:00,133.24
2021-03-26 08:15:00,133.46
2021-03-26 08:40:00,133.23
2021-03-26 09:10:00,133.2888
2021-03-26 09:15:00,133.29
2021-03-26 09:20:00,133.47
2021-03-26 09:25:00,133.6
2021-03-26 09:30:00,133.45
2021-03-26 09:35:00,133.59
2021-03-26 09:40:00,133.635
2021-03-26 09:45:00,133.72
2021-03-26 09:50:00,133.34
2021-03-26 09:55:00,133.465
2021-03-26 10:00:00,133.97
2021-03-26 10:05:00,134.03
2021-03-26 10:10:00,134.07
2021-03-26 10:15:00,134.3
2021-03-26 10:20:00,134.43
2021-03-26 10:25:00,134.56
2021-03-26 10:30:00,134.4
2021-03-26 10:35:00,134.26
2021-03-26 10:40:00,134.06
2021-03-26 10:45:00,133.83
2021-03-26 10:50:00,134.095
2021-03-26 10:55:00,134.26
2021-03-26 11:00:00,134.05
2021-03-26 11:05:00,134.19
2021-03-26 11:10:00,134.21
2021-03-26 11:15:00,134.31
2021-03-26 11:20:00,134.19
2021-03-26 11:25:00,134.17
2021-03-26 11:30:00,134.31
2021-03-26 11:35:00,134.3336
2021-03-26 11:40:00,134.35
2021-03-26 11:45:00,134.35
2021-03-26 11:50:00,134.3136
2021-03-26 11:55:00,134.225
2021-03-26 12:00:00,134.32
2021-03-26 12:05:00,134.2697
2021-03-26 12:10:00,134.3
2021-03-26 12:15:00,134.219
2021-03-26 12:20:00,134.54
2021-03-26 12:25:00,134.55
2021-03-26 12:30:00,134.5
2021-03-26 12:35:00,134.61
2021-03-26 12:40:00,134.74
2021-03-26 12:45:00,134.81
2021-03-26 12:50:00,134.76
2021-03-26 12:55:00,134.7997
2021-03-26 13:00:00,134.7927
2021-03-26 13:05:00,134.92
2021-03-26 13:10:00,135.145
2021-03-26 13:15:00,134.8598
2021-03-26 13:20:00,134.8
2021-03-26 13:25:00,135.01
2021-03-26 13:30:00,135.07
2021-03-26 13:35:00,135.03
2021-03-26 13:40:00,134.95
2021-03-26 13:45:00,134.94
2021-03-26 13:50:00,134.79
2021-03-26 13:55:00,134.8917
2021-03-26 14:00:00,134.98
2021-03-26 14:05:00,134.97
2021-03-26 14:10:00,134.88
2021-03-26 14:15:00,134.905
2021-03-26 14:20:00,134.9399
2021-03-26 14:25:00,135.26
2021-03-26 14:30:00,135.3
2021-03-26 14:35:00,135.63
2021-03-26 14:40:00,135.64
2021-03-26 14:45:00,135.56
2021-03-26 14:50:00,135.1
2021-03-26 14:55:00,135.38
2021-03-26 15:00:00,135.56
2021-03-26 15:05:00,135.756
2021-03-26 15:10:00,135.707
2021-03-26 15:15:00,135.595
2021-03-26 15:20:00,135.76
2021-03-26 15:25:00,135.74
2021-03-26 15:30:00,135.77
2021-03-26 15:35:00,135.98
2021-03-26 15:40:00,135.7901
2021-03-26 15:45:00,135.725
2021-03-26 15:50:00,135.84
2021-03-26 15:55:00,135.91
2021-03-26 16:00:00,136.3
2021-03-26 16:05:00,136.38
2021-03-26 16:10:00,136.29
2021-03-26 16:15:00,136.58
2021-03-26 16:20:00,136.1
2021-03-26 16:25:00,136.35
2021-03-26 16:30:00,136.37
2021-03-26 16:50:00,136.25
2021-03-26 16:55:00,136.15
2021-03-26 17:15:00,136.0
2021-03-26 17:20:00,136.0
2021-03-26 17:30:00,135.7
2021-03-26 17:40:00,135.7
2021-03-26 17:45:00,135.7
2021-03-26 17:55:00,135.7
2021-03-26 18:25:00,135.45
2021-03-26 18:30:00,135.7
2021-03-26 18:35:00,135.7
2021-03-26 18:45:00,135.7
2021-03-26 18:50:00,135.7
2021-03-26 19:05:00,135.7
2021-03-26 19:25:00,135.7
2021-03-26 19:35:00,135.7
2021-03-26 19:45:00,135.7
2021-03-29 06:55:00,135.87
2021-03-29 07:15:00,135.7
2021-03-29 07:25:00,135.31
2021-03-29 07:50:00,135.87
2021-03-29 08:05:00,134.8317
2021-03-29 08:20:00,135.55
2021-03-29 08:30:00,135.7
2021-03-29 08:45:00,135.4001
2021-03-29 08:55:00,135.4
2021-03-29 09:20:00,135.69
2021-03-29 09:25:00,135.68
2021-03-29 09:30:00,135.97
2021-03-29 09:35:00,136.17
2021-03-29 09:40:00,136.27
2021-03-29 09:45:00,136.72
2021-03-29 09:50:00,136.4963
2021-03-29 09:55:00,136.81
2021-03-29 10:00:00,136.92
2021-03-29 10:05:00,136.97
2021-03-29 10:10:00,136.68
2021-03-29 10:15:00,136.45
2021-03-29 10:20:00,136.37
2021-03-29 10:25:00,136.33
2021-03-29 10:30:00,136.36
2021-03-29 10:35:00,136.21
2021-03-29 10:40:00,136.39
2021-03-29 10:45:00,136.32
2021-03-29 10:50:00,136.28
2021-03-29 10:55:00,136.13
2021-03-29 11:00:00,136.0
2021-03-29 11:05:00,136.1
2021-03-29 11:10:00,135.86
2021-03-29 11:15:00,135.74
2021-03-29 11:20:00,135.73
2021-03-29 11:25:00,135.684
2021-03-29 11:30:00,135.955
2021-03-29 11:35:00,136.08
2021-03-29 11:40:00,136.07
2021-03-29 11:45:00,136.18
2021-03-29 11:50:00,136.28
2021-03-29 11:55:00,136.32
2021-03-29 12:00:00,136.21
2021-03-29 12:05:00,136.19
2021-03-29 12:10:00,136.227
2021-03-29 12:15:00,136.13
2021-03-29 12:20:00,135.975
2021-03-29 12:25:00,135.92
2021-03-29 12:30:00,136.2193
2021-03-29 12:35:00,136.29
2021-03-29 12:40:00,136.43
2021-03-29 12:45:00,136.34
2021-03-29 12:50:00,136.3
2021-03-29 12:55:00,136.39
2021-03-29 13:00:00,136.355
2021-03-29 13:05:00,136.57
2021-03-29 13:10:00,136.475
2021-03-29 13:15:00,136.485
2021-03-29 13:20:00,136.53
2021-03-29 13:25:00,136.4599
2021-03-29 13:30:00,136.32
2021-03-29 13:35:00,136.53
2021-03-29 13:40:00,136.4
2021-03-29 13:45:00,136.2336
2021-03-29 13:50:00,136.38
2021-03-29 13:55:00,136.37
2021-03-29 14:00:00,136.34
2021-03-29 14:05:00,136.19
2021-03-29 14:10:00,136.14
2021-03-29 14:15:00,136.04
2021-03-29 14:20:00,135.82
2021-03-29 14:25:00,135.87
2021-03-29 14:30:00,135.68
2021-03-29 14:35:00,135.64
2021-03-29 14:40:00,135.69
2021-03-29 14:45:00,135.74
2021-03-29 14:50:00,135.75
2021-03-29 14:55:00,135.76
2021-03-29 15:00:00,135.8492
2021-03-29 15:05:00,136.01
2021-03-29 15:10:00,136.105
2021-03-29 15:15:00,136.07
2021-03-29 15:20:00,136.22
2021-03-29 15:25:00,136.38
2021-03-29 15:30:00,136.5
2021-03-29 15:35:00,136.34
2021-03-29 15:40:00,136.39
2021-03-29 15:45:00,136.24
2021-03-29 15:50:00,136.27
2021-03-29 15:55:00,136.13
2021-03-29 16:00:00,135.87
2021-03-29 16:05:00,135.86
2021-03-29 16:20:00,135.86
2021-03-29 16:25:00,135.86
2021-03-29 16:45:00,136.13
2021-03-29 17:25:00,135.9
2021-03-29 17:50:00,136.0
2021-03-29 18:05:00,136.0
2021-03-29 18:15:00,135.89
2021-03-29 19:20:00,135.9
2021-03-30 05:05:00,135.83
2021-03-30 05:20:00,135.0
2021-03-30 07:05:00,135.78
2021-03-30 07:25:00,135.43
2021-03-30 07:35:00,135.43
2021-03-30 07:40:00,135.55
2021-03-30 07:45:00,135.52
2021-03-30 07:50:00,135.52
2021-03-30 08:05:00,135.53
2021-03-30 09:05:00,135.5
2021-03-30 09:15:00,135.23
2021-03-30 09:20:00,135.4
2021-03-30 09:35:00,136.13
2021-03-30 09:40:00,135.3
2021-03-30 09:45:00,135.39
2021-03-30 09:50:00,135.49
2021-03-30 09:55:00,135.0
2021-03-30 10:00:00,135.255
2021-03-30 10:05:00,134.98
2021-03-30 10:10:00,135.03
2021-03-30 10:15:00,135.305
2021-03-30 10:20:00,135.36
2021-03-30 10:25:00,135.305
2021-03-30 10:30:00,135.66
2021-03-30 10:35:00,135.55
2021-03-30 10:40:00,135.4501
2021-03-30 10:45:00,135.239
2021-03-30 10:50:00,135.24
2021-03-30 10:55:00,135.11
2021-03-30 11:00:00,134.99
2021-03-30 11:05:00,135.065
2021-03-30 11:10:00,134.96
2021-03-30 11:15:00,134.97
2021-03-30 11:20:00,134.98
2021-03-30 11:25:00,134.8601
2021-03-30 11:30:00,134.82
2021-03-30 11:35:00,134.405
2021-03-30 11:40:00,134.31
2021-03-30 11:45:00,134.46
2021-03-30 11:50:00,134.65
2021-03-30 11:55:00,134.74
2021-03-30 12:00:00,134.58
2021-03-30 12:05:00,134.29
2021-03-30 12:10:00,134.215
2021-03-30 12:15:00,134.15
2021-03-30 12:20:00,134.16
2021-03-30 12:25:00,134.1
2021-03-30 12:30:00,134.265
2021-03-30 12:35:00,134.42
2021-03-30 12:40:00,134.32
2021-03-30 12:45:00,134.25
2021-03-30 12:50:00,134.2409
2021-03-30 12:55:00,134.36
2021-03-30 13:00:00,134.34
2021-03-30 13:05:00,134.38
2021-03-30 13:10:00,134.63
2021-03-30 13:15:00,134.73
2021-03-30 13:20:00,134.64
2021-03-30 13:25:00,134.74
2021-03-30 13:30:00,134.71
2021-03-30 13:35:00,134.58
2021-03-30 13:40:00,134.52
2021-03-30 13:45:00,134.58
2021-03-30 13:50:00,134.65
2021-03-30 13:55:00,134.78
2021-03-30 14:00:00,134.705
2021-03-30 14:05:00,134.61
2021-03-30 14:10:00,134.68
2021-03-30 14:15:00,134.76
2021-03-30 14:20:00,134.78
2021-03-30 14:25:00,134.71
2021-03-30 14:30:00,134.76
2021-03-30 14:35:00,134.74
2021-03-30 14:40:00,134.6132
2021-03-30 14:45:00,134.61
2021-03-30 14:50:00,134.61
2021-03-30 14:55:00,134.5787
2021-03-30 15:00:00,134.7
2021-03-30 15:05:00,134.869
2021-03-30 15:10:00,134.85
2021-03-30 15:15:00,134.71
2021-03-30 15:20:00,134.62
2021-03-30 15:25:00,134.805
2021-03-30 15:30:00,134.88
2021-03-30 15:35:00,134.83
2021-03-30 15:40:00,134.76
2021-03-30 15:45:00,134.62
2021-03-30 15:50:00,134.56
2021-03-30 15:55:00,134.49
2021-03-30 16:00:00,134.75
2021-03-30 16:05:00,134.72
2021-03-30 16:10:00,134.32
2021-03-30 16:45:00,134.28
2021-03-30 17:35:00,134.72
2021-03-30 18:10:00,134.76
2021-03-30 18:45:00,134.55
2021-03-30 19:40:00,134.6
2021-03-30 19:50:00,134.6
2021-03-31 06:50:00,134.48
2021-03-31 06:55:00,134.48
2021-03-31 07:05:00,134.53
2021-03-31 07:45:00,134.63
2021-03-31 08:05:00,134.62
2021-03-31 08:10:00,134.75
2021-03-31 08:20:00,134.52
2021-03-31 09:00:00,134.55
2021-03-31 09:30:00,134.32
2021-03-31 09:35:00,134.295
2021-03-31 09:40:00,133.955
2021-03-31 09:45:00,133.68
2021-03-31 09:50:00,133.14
2021-03-31 09:55:00,133.275
2021-03-31 10:00:00,133.08
2021-03-31 10:05:00,132.8996
2021-03-31 10:10:00,132.82
2021-03-31 10:15:00,132.85
2021-03-31 10:20:00,132.98
2021-03-31 10:25:00,133.1
2021-03-31 10:30:00,133.1091
2021-03-31 10:35:00,133.2225
2021-03-31 10:40:00,133.42
2021-03-31 10:45:00,133.14
2021-03-31 10:50:00,133.04
2021-03-31 10:55:00,133.28
2021-03-31 11:00:00,133.54
2021-03-31 11:05:00,133.82
2021-03-31 11:10:00,133.71
2021-03-31 11:15:00,133.2967
2021-03-31 11:20:00,133.18
2021-03-31 11:25:00,133.298
2021-03-31 11:30:00,133.215
2021-03-31 11:35:00,133.08
2021-03-31 11:40:00,133.06
2021-03-31 11:45:00,133.1
2021-03-31 11:50:00,133.43
2021-03-31 11:55:00,133.305
2021-03-31 12:00:00,133.32
2021-03-31 12:05:00,133.405
2021-03-31 12:10:00,133.49
2021-03-31 12:15:00,133.53
2021-03-31 12:20:00,133.3
2021-03-31 12:25:00,133.34
2021-03-31 12:30:00,133.375
2021-03-31 12:35:00,133.3814
2021-03-31 12:40:00,133.19
2021-03-31 12:45:00,133.3227
2021-03-31 12:50:00,133.3
2021-03-31 12:55:00,133.37
2021-03-31 13:00:00,133.51
2021-03-31 13:05:00,133.62
2021-03-31 13:10:00,133.69
2021-03-31 13:15:00,133.66
2021-03-31 13:20:00,133.63
2021-03-31 13:25:00,133.605
2021-03-31 13:30:00,133.69
2021-03-31 13:35:00,133.75
2021-03-31 13:40:00,133.659
2021-03-31 13:45:00,133.67
2021-03-31 13:50:00,133.68
2021-03-31 13:55:00,133.79
2021-03-31 14:00:00,133.78
2021-03-31 14:05:00,133.76
2021-03-31 14:10:00,133.69
2021-03-31 14:15:00,133.72
2021-03-31 14:20:00,133.76
2021-03-31 14:25:00,133.83
2021-03-31 14:30:00,133.8401
2021-03-31 14:35:00,133.8725
2021-03-31 14:40:00,133.78
2021-03-31 14:45:00,133.89
2021-03-31 14:50:00,133.79
2021-03-31 14:55:00,133.79
2021-03-31 15:00:00,133.85
2021-03-31 15:05:00,133.84
2021-03-31 15:10:00,133.84
2021-03-31 15:15:00,133.78
2021-03-31 15:20:00,133.89
2021-03-31 15:25:00,133.745
2021-03-31 15:30:00,133.69
2021-03-31 15:35:00,133.75
2021-03-31 15:40:00,133.613
2021-03-31 15:45:00,133.59
2021-03-31 15:50:00,133.59
2021-03-31 15:55:00,133.58
2021-03-31 16:00:00,133.27
2021-03-31 16:05:00,133.26
2021-03-31 16:10:00,133.2
2021-03-31 16:45:00,133.53
2021-03-31 16:50:00,133.22
2021-03-31 17:15:00,133.22
2021-03-31 18:25:00,133.24
2021-04-01 04:05:00,133.36
2021-04-01 06:35:00,133.6
2021-04-01 07:45:00,133.7
2021-04-01 08:15:00,133.49
2021-04-01 08:20:00,133.26
2021-04-01 08:35:00,133.38
2021-04-01 08:50:00,133.45
2021-04-01 09:00:00,133.9626
2021-04-01 09:10:00,133.5123
2021-04-01 09:20:00,133.9
2021-04-01 09:25:00,133.8999
2021-04-01 09:35:00,133.7551
2021-04-01 09:40:00,133.26
2021-04-01 09:45:00,132.925
2021-04-01 09:50:00,132.435
2021-04-01 09:55:00,132.58
2021-04-01 10:00:00,132.36
2021-04-01 10:05:00,132.6
2021-04-01 10:10:00,132.58
2021-04-01 10:15:00,132.481
2021-04-01 10:20:00,132.58
2021-04-01 10:25:00,132.775
2021-04-01 10:30:00,132.66
2021-04-01 10:35:00,132.91
2021-04-01 10:40:00,132.69
2021-04-01 10:45:00,132.61
2021-04-01 10:50:00,132.68
2021-04-01 10:55:00,132.445
2021-04-01 11:00:00,132.34
2021-04-01 11:05:00,132.47
2021-04-01 11:10:00,132.74
2021-04-01 11:15:00,132.94
2021-04-01 11:20:00,133.17
2021-04-01 11:25:00,133.06
2021-04-01 11:30:00,132.89
2021-04-01 11:35:00,132.785
2021-04-01 11:40:00,132.625
2021-04-01 11:45:00,132.61
2021-04-01 11:50:00,132.555
2021-04-01 11:55:00,132.72
2021-04-01 12:00:00,132.85
2021-04-01 12:05:00,132.905
2021-04-01 12:10:00,133.01
2021-04-01 12:15:00,132.9876
2021-04-01 12:20:00,132.88
2021-04-01 12:25:00,132.89
2021-04-01 12:30:00,132.69
2021-04-01 12:35:00,132.76
2021-04-01 12:40:00,132.7
2021-04-01 12:45:00,132.645
2021-04-01 12:50:00,132.6176
2021-04-01 12:55:00,132.69
2021-04-01 13:00:00,132.7152
2021-04-01 13:05:00,132.68
2021-04-01 13:10:00,132.68
2021-04-01 13:15:00,132.68
2021-04-01 13:20:00,132.68
2021-04-01 13:25:00,132.65
2021-04-01 13:30:00,132.69
2021-04-01 13:35:00,132.84
2021-04-01 13:40:00,132.795
2021-04-01 13:45:00,132.79
2021-04-01 13:50:00,132.765
2021-04-01 13:55:00,132.72
2021-04-01 14:00:00,132.64
2021-04-01 14:05:00,132.67
2021-04-01 14:10:00,132.7802
2021-04-01 14:15:00,132.6567
2021-04-01 14:20:00,132.8
2021-04-01 14:25:00,132.7999
2021-04-01 14:30:00,132.52
2021-04-01 14:35:00,132.695
2021-04-01 14:40:00,132.64
2021-04-01 14:45:00,132.72
2021-04-01 14:50:00,132.78
2021-04-01 14:55:00,132.7257
2021-04-01 15:00:00,132.73
2021-04-01 15:05:00,132.81
2021-04-01 15:10:00,133.055
2021-04-01 15:15:00,133.1
2021-04-01 15:20:00,132.89
2021-04-01 15:25:00,132.81
2021-04-01 15:30:00,132.7283
2021-04-01 15:35:00,132.75
2021-04-01 15:40:00,132.7
2021-04-01 15:45:00,133.05
2021-04-01 15:50:00,133.01
2021-04-01 15:55:00,133.075
2021-04-01 16:00:00,133.24
2021-04-01 16:05:00,133.2
2021-04-01 16:10:00,133.2
2021-04-01 16:15:00,133.25
2021-04-01 16:20:00,133.36
2021-04-01 16:35:00,133.26
2021-04-01 16:45:00,133.41
2021-04-01 16:50:00,133.4
2021-04-01 16:55:00,133.23
2021-04-01 17:25:00,133.27
2021-04-01 18:05:00,133.23
2021-04-05 07:05:00,133.5
2021-04-05 07:15:00,133.51
2021-04-05 07:20:00,133.5
2021-04-05 07:25:00,133.69
2021-04-05 08:05:00,133.62
2021-04-05 08:10:00,133.65
2021-04-05 08:40:00,133.97
2021-04-05 08:45:00,133.97
2021-04-05 08:50:00,133.69
2021-04-05 08:55:00,133.85
2021-04-05 09:05:00,133.92
2021-04-05 09:30:00,133.62
2021-04-05 09:35:00,134.12
2021-04-05 09:40:00,133.855
2021-04-05 09:45:00,133.825
2021-04-05 09:50:00,133.46
2021-04-05 09:55:00,133.515
2021-04-05 10:00:00,133.81
2021-04-05 10:05:00,133.87
2021-04-05 10:10:00,133.9239
2021-04-05 10:15:00,134.3224
2021-04-05 10:20:00,134.31
2021-04-05 10:25:00,134.5399
2021-04-05 10:30:00,134.34
2021-04-05 10:35:00,134.27
2021-04-05 10:40:00,134.46
2021-04-05 10:45:00,134.36
2021-04-05 10:50:00,134.81
2021-04-05 10:55:00,134.73
2021-04-05 11:00:00,134.82
2021-04-05 11:05:00,134.9125
2021-04-05 11:10:00,135.23
2021-04-05 11:15:00,135.2469
2021-04-05 11:20:00,135.3
2021-04-05 11:25:00,135.231
2021-04-05 11:30:00,135.4055
2021-04-05 11:35:00,135.34
2021-04-05 11:40:00,135.47
2021-04-05 11:45:00,135.62
2021-04-05 11:50:00,135.72
2021-04-05 11:55:00,135.76
2021-04-05 12:00:00,135.845
2021-04-05 12:05:00,135.9
2021-04-05 12:10:00,136.019
2021-04-05 12:15:00,136.03
2021-04-05 12:20:00,136.015
2021-04-05 12:25:00,136.29
2021-04-05 12:30:00,136.4673
2021-04-05 12:35:00,136.53
2021-04-05 12:40:00,136.62
2021-04-05 12:45:00,136.54
2021-04-05 12:50:00,136.54
2021-04-05 12:55:00,136.48
2021-04-05 13:00:00,136.41
2021-04-05 13:05:00,136.525
2021-04-05 13:10:00,136.51
2021-04-05 13:15:00,136.37
2021-04-05 13:20:00,136.23
2021-04-05 13:25:00,136.13
2021-04-05 13:30:00,136.025
2021-04-05 13:35:00,136.2569
2021-04-05 13:40:00,136.08
2021-04-05 13:45:00,135.88
2021-04-05 13:50:00,136.11
2021-04-05 13:55:00,136.23
2021-04-05 14:00:00,136.36
2021-04-05 14:05:00,136.239
2021-04-05 14:10:00,136.295
2021-04-05 14:15:00,136.23
2021-04-05 14:20:00,136.2678
2021-04-05 14:25:00,136.34
2021-04-05 14:30:00,136.3359
2021-04-05 14:35:00,136.355
2021-04-05 14:40:00,136.23
2021-04-05 14:45:00,136.13
2021-04-05 14:50:00,136.07
2021-04-05 14:55:00,135.95
2021-04-05 15:00:00,135.82
2021-04-05 15:05:00,135.7156
2021-04-05 15:10:00,135.76
2021-04-05 15:15:00,135.78
2021-04-05 15:20:00,135.98
2021-04-05 15:25:00,135.99
2021-04-05 15:30:00,135.94
2021-04-05 15:35:00,135.855
2021-04-05 15:40:00,135.98
2021-04-05 15:45:00,135.98
2021-04-05 15:50:00,135.88
2021-04-05 15:55:00,136.0
2021-04-05 16:00:00,135.92
2021-04-05 16:05:00,135.93
2021-04-05 16:20:00,135.96
2021-04-05 18:35:00,136.05
2021-04-05 18:50:00,136.02
2021-04-06 04:05:00,133.71
2021-04-06 07:05:00,135.9
2021-04-06 07:15:00,135.65
2021-04-06 07:20:00,135.41
2021-04-06 07:30:00,135.6
2021-04-06 08:10:00,135.6799
2021-04-06 08:30:00,135.54
2021-04-06 08:35:00,135.65
2021-04-06 08:40:00,135.64
2021-04-06 08:45:00,135.4907
2021-04-06 08:50:00,135.66
2021-04-06 09:25:00,135.53
2021-04-06 09:30:00,135.28
2021-04-06 09:35:00,135.25
2021-04-06 09:40:00,135.1127
2021-04-06 09:45:00,134.73
2021-04-06 09:50:00,134.81
2021-04-06 09:55:00,134.68
2021-04-06 10:00:00,134.7792
2021-04-06 10:05:00,134.94
2021-04-06 10:10:00,134.8
2021-04-06 10:15:00,134.88
2021-04-06 10:20:00,134.92
2021-04-06 10:25:00,134.74
2021-04-06 10:30:00,134.65
2021-04-06 10:35:00,134.7031
2021-04-06 10:40:00,134.582
2021-04-06 10:45:00,134.49
2021-04-06 10:50:00,134.425
2021-04-06 10:55:00,134.71
2021-04-06 11:00:00,134.6738
2021-04-06 11:05:00,134.59
2021-04-06 11:10:00,134.625
2021-04-06 11:15:00,134.5001
2021-04-06 11:20:00,134.51
2021-04-06 11:25:00,134.54
2021-04-06 11:30:00,134.77
2021-04-06 11:35:00,134.72
2021-04-06 11:40:00,134.68
2021-04-06 11:45:00,134.64
2021-04-06 11:50:00,134.71
2021-04-06 11:55:00,134.59
2021-04-06 12:00:00,134.71
2021-04-06 12:05:00,134.71
2021-04-06 12:10:00,134.66
2021-04-06 12:15:00,134.64
2021-04-06 12:20:00,134.717
2021-04-06 12:25:00,134.7776
2021-04-06 12:30:00,134.8175
2021-04-06 12:35:00,134.75
2021-04-06 12:40:00,134.59
2021-04-06 12:45:00,134.5803
2021-04-06 12:50:00,134.565
2021-04-06 12:55:00,134.51
2021-04-06 13:00:00,134.55
2021-04-06 13:05:00,134.53
2021-04-06 13:10:00,134.47
2021-04-06 13:15:00,134.36
2021-04-06 13:20:00,134.36
2021-04-06 13:25:00,134.22
2021-04-06 13:30:00,134.245
2021-04-06 13:35:00,134.23
2021-04-06 13:40:00,134.22
2021-04-06 13:45:00,134.185
2021-04-06 13:50:00,134.205
2021-04-06 13:55:00,134.25
2021-04-06 14:00:00,134.4034
2021-04-06 14:05:00,134.34
2021-04-06 14:10:00,134.4
2021-04-06 14:15:00,134.46
2021-04-06 14:20:00,134.335
2021-04-06 14:25:00,134.32
2021-04-06 14:30:00,134.28
2021-04-06 14:35:00,134.28
2021-04-06 14:40:00,134.19
2021-04-06 14:45:00,134.28
2021-04-06 14:50:00,134.33
2021-04-06 14:55:00,134.23
2021-04-06 15:00:00,134.1932
2021-04-06 15:05:00,134.2
2021-04-06 15:10:00,134.24
2021-04-06 15:15:00,134.28
2021-04-06 15:20:00,134.295
2021-04-06 15:25:00,134.3
2021-04-06 15:30:00,134.33
2021-04-06 15:35:00,134.17
2021-04-06 15:40:00,134.16
2021-04-06 15:45:00,134.1
2021-04-06 15:50:00,134.165
2021-04-06 15:55:00,134.115
2021-04-06 16:00:00,134.23
2021-04-06 16:05:00,134.22
2021-04-06 16:10:00,134.22
2021-04-06 16:15:00,134.11
2021-04-06 16:45:00,134.49
2021-04-06 16:50:00,134.5
2021-04-06 17:00:00,134.5
2021-04-06 18:45:00,134.5
2021-04-06 19:20:00,134.59
2021-04-06 19:25:00,134.4
2021-04-06 20:00:00,134.41
2021-04-07 07:50:00,134.68
2021-04-07 08:05:00,134.45
2021-04-07 08:10:00,134.48
2021-04-07 08:20:00,134.38
2021-04-07 08:30:00,134.41
2021-04-07 08:40:00,134.16
2021-04-07 08:45:00,134.05
2021-04-07 08:50:00,134.11
2021-04-07 09:00:00,134.06
2021-04-07 09:10:00,133.91
2021-04-07 09:15:00,133.84
2021-04-07 09:20:00,133.6
2021-04-07 09:25:00,133.68
2021-04-07 09:30:00,133.46
2021-04-07 09:35:00,134.46
2021-04-07 09:40:00,134.69
2021-04-07 09:45:00,134.325
2021-04-07 09:50:00,134.54
2021-04-07 09:55:00,134.5
2021-04-07 10:00:00,134.48
2021-04-07 10:05:00,134.62
2021-04-07 10:10:00,134.665
2021-04-07 10:15:00,134.52
2021-04-07 10:20:00,134.58
2021-04-07 10:25:00,134.65
2021-04-07 10:30:00,134.6
2021-04-07 10:35:00,134.61
2021-04-07 10:40:00,134.6
2021-04-07 10:45:00,134.53
2021-04-07 10:50:00,134.55
2021-04-07 10:55:00,134.645
2021-04-07 11:00:00,134.5802
2021-04-07 11:05:00,134.575
2021-04-07 11:10:00,134.53
2021-04-07 11:15:00,134.496
2021-04-07 11:20:00,134.5
2021-04-07 11:25:00,134.44
2021-04-07 11:30:00,134.18
2021-04-07 11:35:00,134.419
2021-04-07 11:40:00,134.36
2021-04-07 11:45:00,134.14
2021-04-07 11:50:00,134.09
2021-04-07 11:55:00,134.1225
2021-04-07 12:00:00,134.28
2021-04-07 12:05:00,134.4
2021-04-07 12:10:00,134.3879
2021-04-07 12:15:00,134.47
2021-04-07 12:20:00,134.46
2021-04-07 12:25:00,134.43
2021-04-07 12:30:00,134.33
2021-04-07 12:35:00,134.31
2021-04-07 12:40:00,134.2932
2021-04-07 12:45:00,134.2
2021-04-07 12:50:00,134.19
2021-04-07 12:55:00,134.25
2021-04-07 13:00:00,134.32
2021-04-07 13:05:00,134.34
2021-04-07 13:10:00,134.34
2021-04-07 13:15:00,134.4
2021-04-07 13:20:00,134.28
2021-04-07 13:25:00,134.21
2021-04-07 13:30:00,134.33
2021-04-07 13:35:00,134.28
2021-04-07 13:40:00,134.26
2021-04-07 13:45:00,134.28
2021-04-07 13:50:00,134.29
2021-04-07 13:55:00,134.35
2021-04-07 14:00:00,134.43
2021-04-07 14:05:00,134.435
2021-04-07 14:10:00,134.39
2021-04-07 14:15:00,134.38
2021-04-07 14:20:00,134.35
2021-04-07 14:25:00,134.45
2021-04-07 14:30:00,134.36
2021-04-07 14:35:00,134.33
2021-04-07 14:40:00,134.5399
2021-04-07 14:45:00,134.54
2021-04-07 14:50:00,134.53
2021-04-07 14:55:00,134.52
2021-04-07 15:00:00,134.48
2021-04-07 15:05:00,134.51
2021-04-07 15:10:00,134.49
2021-04-07 15:15:00,134.444
2021-04-07 15:20:00,134.54
2021-04-07 15:25:00,134.64
2021-04-07 15:30:00,134.57
2021-04-07 15:35:00,134.56
2021-04-07 15:40:00,134.81
2021-04-07 15:45:00,134.85
2021-04-07 15:50:00,134.81
2021-04-07 15:55:00,134.72
2021-04-07 16:00:00,134.93
2021-04-07 16:05:00,135.0
2021-04-07 16:10:00,135.05
2021-04-07 16:15:00,135.0
2021-04-07 16:20:00,135.0
2021-04-07 16:25:00,135.0
2021-04-07 16:30:00,135.0
2021-04-07 16:35:00,135.0
2021-04-07 16:40:00,135.2
2021-04-07 17:10:00,135.1
2021-04-07 17:40:00,135.15
2021-04-08 04:05:00,135.29
2021-04-08 06:45:00,134.96
2021-04-08 06:55:00,134.88
2021-04-08 07:00:00,134.93
2021-04-08 07:05:00,134.93
2021-04-08 07:35:00,135.0
2021-04-08 08:20:00,135.01
2021-04-08 08:30:00,135.0
2021-04-08 08:35:00,135.2
2021-04-08 08:40:00,135.2
2021-04-08 08:45:00,135.28
2021-04-08 08:50:00,135.0
2021-04-08 09:00:00,134.93
2021-04-08 09:10:00,135.0
2021-04-08 09:30:00,134.27
2021-04-08 09:35:00,134.48
2021-04-08 09:40:00,135.49
2021-04-08 09:45:00,134.54
2021-04-08 09:50:00,134.85
2021-04-08 09:55:00,134.61
2021-04-08 10:00:00,134.705
2021-04-08 10:05:00,134.76
2021-04-08 10:10:00,134.55
2021-04-08 10:15:00,134.555
2021-04-08 10:20:00,134.7
2021-04-08 10:25:00,134.55
2021-04-08 10:30:00,134.72
2021-04-08 10:35:00,134.72
2021-04-08 10:40:00,134.8999
2021-04-08 10:45:00,134.945
2021-04-08 10:50:00,134.82
2021-04-08 10:55:00,134.8
2021-04-08 11:00:00,134.84
2021-04-08 11:05:00,134.7237
2021-04-08 11:10:00,134.51
2021-04-08 11:15:00,134.5
2021-04-08 11:20:00,134.67
2021-04-08 11:25:00,134.625
2021-04-08 11:30:00,134.7
2021-04-08 11:35:00,134.61
2021-04-08 11:40:00,134.3933
2021-04-08 11:45:00,134.31
2021-04-08 11:50:00,134.35
2021-04-08 11:55:00,134.45
2021-04-08 12:00:00,134.45
2021-04-08 12:05:00,134.39
2021-04-08 12:10:00,134.38
2021-04-08 12:15:00,134.39
2021-04-08 12:20:00,134.46
2021-04-08 12:25:00,134.54
2021-04-08 12:30:00,134.5899
2021-04-08 12:35:00,134.56
2021-04-08 12:40:00,134.505
2021-04-08 12:45:00,134.4867
2021-04-08 12:50:00,134.46
2021-04-08 12:55:00,134.425
2021-04-08 13:00:00,134.36
2021-04-08 13:05:00,134.34
2021-04-08 13:10:00,134.245
2021-04-08 13:15:00,134.26
2021-04-08 13:20:00,134.3
2021-04-08 13:25:00,134.25
2021-04-08 13:30:00,134.2
2021-04-08 13:35:00,134.2501
2021-04-08 13:40:00,134.27
2021-04-08 13:45:00,134.2879
2021-04-08 13:50:00,134.31
2021-04-08 13:55:00,134.2897
2021-04-08 14:00:00,134.5199
2021-04-08 14:05:00,134.66
2021-04-08 14:10:00,134.635
2021-04-08 14:15:00,134.7
2021-04-08 14:20:00,134.62
2021-04-08 14:25:00,134.635
2021-04-08 14:30:00,134.6697
2021-04-08 14:35:00,134.74
2021-04-08 14:40:00,134.835
2021-04-08 14:45:00,134.8
2021-04-08 14:50:00,134.94
2021-04-08 14:55:00,134.91
2021-04-08 15:00:00,134.895
2021-04-08 15:05:00,134.945
2021-04-08 15:10:00,134.87
2021-04-08 15:15:00,134.9
2021-04-08 15:20:00,134.93
2021-04-08 15:25:00,135.03
2021-04-08 15:30:00,134.9337
2021-04-08 15:35:00,134.9299
2021-04-08 15:40:00,134.85
2021-04-08 15:45:00,134.86
2021-04-08 15:50:00,134.905
2021-04-08 15:55:00,134.97
2021-04-08 16:00:00,135.12
2021-04-08 16:05:00,135.12
2021-04-08 16:10:00,135.12
2021-04-08 16:15:00,135.13
2021-04-08 16:25:00,135.12
2021-04-08 16:40:00,135.37
2021-04-08 16:55:00,135.36
2021-04-08 17:20:00,135.25
2021-04-08 17:40:00,135.25
2021-04-08 19:30:00,135.21
2021-04-08 19:35:00,135.25
2021-04-09 06:40:00,135.11
2021-04-09 06:45:00,135.12
2021-04-09 08:05:00,135.45
2021-04-09 08:35:00,135.25
2021-04-09 08:40:00,135.19
2021-04-09 08:45:00,135.18
2021-04-09 08:50:00,135.12
2021-04-09 09:15:00,135.12
2021-04-09 09:30:00,134.75
2021-04-09 09:35:00,135.23
2021-04-09 09:40:00,135.335
2021-04-09 09:45:00,135.11
2021-04-09 09:50:00,135.03
2021-04-09 09:55:00,135.2029
2021-04-09 10:00:00,135.12
2021-04-09 10:05:00,135.28
2021-04-09 10:10:00,135.15
2021-04-09 10:15:00,135.25
2021-04-09 10:20:00,135.06
2021-04-09 10:25:00,135.16
2021-04-09 10:30:00,135.2
2021-04-09 10:35:00,135.08
2021-04-09 10:40:00,135.09
2021-04-09 10:45:00,135.045
2021-04-09 10:50:00,134.965
2021-04-09 10:55:00,134.975
2021-04-09 11:00:00,135.04
2021-04-09 11:05:00,134.97
2021-04-09 11:10:00,134.97
2021-04-09 11:15:00,135.04
2021-04-09 11:20:00,134.9601
2021-04-09 11:25:00,134.845
2021-04-09 11:30:00,134.9632
2021-04-09 11:35:00,135.11
2021-04-09 11:40:00,135.14
2021-04-09 11:45:00,135.05
2021-04-09 11:50:00,135.02
2021-04-09 11:55:00,135.135
2021-04-09 12:00:00,134.985
2021-04-09 12:05:00,134.985
2021-04-09 12:10:00,134.95
2021-04-09 12:15:00,135.0982
2021-04-09 12:20:00,135.0934
2021-04-09 12:25:00,135.005
2021-04-09 12:30:00,135.0
2021-04-09 12:35:00,135.0
2021-04-09 12:40:00,134.975
2021-04-09 12:45:00,135.07
2021-04-09 12:50:00,135.1
2021-04-09 12:55:00,135.07
2021-04-09 13:00:00,135.11
2021-04-09 13:05:00,135.09
2021-04-09 13:10:00,135.0785
2021-04-09 13:15:00,135.09
2021-04-09 13:20:00,134.975
2021-04-09 13:25:00,134.87
2021-04-09 13:30:00,134.92
2021-04-09 13:35:00,134.94
2021-04-09 13:40:00,134.98
2021-04-09 13:45:00,135.08
2021-04-09 13:50:00,135.115
2021-04-09 13:55:00,135.06
2021-04-09 14:00:00,135.07
2021-04-09 14:05:00,135.13
2021-04-09 14:10:00,135.1
2021-04-09 14:15:00,135.09
2021-04-09 14:20:00,135.15
2021-04-09 14:25:00,135.15
2021-04-09 14:30:00,135.185
2021-04-09 14:35:00,135.1775
2021-04-09 14:40:00,135.11
2021-04-09 14:45:00,135.17
2021-04-09 14:50:00,135.21
2021-04-09 14:55:00,135.275
2021-04-09 15:00:00,135.23
2021-04-09 15:05:00,135.23
2021-04-09 15:10:00,135.29
2021-04-09 15:15:00,135.22
2021-04-09 15:20:00,135.27
2021-04-09 15:25:00,135.34
2021-04-09 15:30:00,135.4
2021-04-09 15:35:00,135.45
2021-04-09 15:40:00,135.61
2021-04-09 15:45:00,135.475
2021-04-09 15:50:00,135.48
2021-04-09 15:55:00,135.51
2021-04-09 16:00:00,135.73
2021-04-09 16:05:00,135.55
2021-04-09 16:10:00,135.4
2021-04-09 16:15:00,135.62
2021-04-09 16:20:00,135.65
2021-04-09 16:25:00,135.65
2021-04-09 16:40:00,135.67
2021-04-09 16:45:00,135.67
2021-04-09 16:50:00,135.45
2021-04-09 18:25:00,135.31
